DD/MM/YYYY HH:MM:SS, O, H, L, C, V, AdjC
6/01/2009,1.20955,1.2229,1.1869,1.188, , 
7/01/2009,1.18812,1.20045,1.17652,1.18457, , 
8/01/2009,1.185,1.20035,1.17768,1.1966, , 
9/01/2009,1.1972,1.2076,1.17748,1.18145, , 
12/01/2009,1.18145,1.19728,1.18145,1.19086, , 
13/01/2009,1.19101,1.22055,1.1887,1.21664, , 
14/01/2009,1.21709,1.23483,1.21669,1.2239, , 
15/01/2009,1.2247,1.25016,1.21089,1.24619, , 
16/01/2009,1.24675,1.26783,1.24176,1.2522, , 
19/01/2009,1.25223,1.25808,1.23192,1.2392, , 
20/01/2009,1.23975,1.25754,1.23826,1.25435, , 
21/01/2009,1.2544,1.27007,1.25368,1.26598, , 
22/01/2009,1.26598,1.27688,1.25478,1.26063, , 
23/01/2009,1.26165,1.27431,1.2519,1.25317, , 
26/01/2009,1.25319,1.26535,1.227,1.23818, , 
27/01/2009,1.23824,1.23917,1.21441,1.22313, , 
28/01/2009,1.22354,1.23353,1.21553,1.22545, , 
29/01/2009,1.22584,1.2306,1.2026,1.2139, , 
30/01/2009,1.21413,1.22727,1.21367,1.22496, , 
2/02/2009,1.22497,1.2427,1.22185,1.22816, , 
3/02/2009,1.22845,1.24696,1.22823,1.24592, , 
4/02/2009,1.246,1.25254,1.22966,1.23331, , 
5/02/2009,1.23385,1.24392,1.2227,1.23137, , 
6/02/2009,1.23253,1.23844,1.22296,1.23086, , 
9/02/2009,1.23169,1.25435,1.21824,1.22021, , 
10/02/2009,1.22162,1.23016,1.21342,1.21995, , 
11/02/2009,1.22015,1.24962,1.21836,1.24167, , 
12/02/2009,1.24193,1.25347,1.23898,1.24117, , 
13/02/2009,1.24242,1.25508,1.23938,1.24317, , 
16/02/2009,1.24317,1.24673,1.22829,1.24255, , 
17/02/2009,1.245,1.24902,1.23995,1.24232, , 
18/02/2009,1.24238,1.26751,1.24222,1.26452, , 
19/02/2009,1.26457,1.2655,1.25324,1.25983, , 
20/02/2009,1.26035,1.261,1.24686,1.25667, , 
23/02/2009,1.25714,1.2653,1.2422,1.25272, , 
24/02/2009,1.25427,1.25593,1.23543,1.25142, , 
25/02/2009,1.25189,1.25427,1.2397,1.24078, , 
26/02/2009,1.24132,1.26144,1.24029,1.2554, , 
27/02/2009,1.25597,1.25815,1.23977,1.25357, , 
2/03/2009,1.2544,1.27982,1.2521,1.27942, , 
3/03/2009,1.27947,1.29413,1.27271,1.29092, , 
4/03/2009,1.29097,1.29772,1.28085,1.29413, , 
5/03/2009,1.29413,1.2971,1.27157,1.27665, , 
6/03/2009,1.27688,1.29175,1.27548,1.28809, , 
9/03/2009,1.28809,1.29001,1.27674,1.28235, , 
10/03/2009,1.28235,1.30663,1.28209,1.29869, , 
11/03/2009,1.2993,1.2993,1.27266,1.2813, , 
12/03/2009,1.28158,1.29058,1.27543,1.2897, , 
13/03/2009,1.29039,1.29607,1.27703,1.27986, , 
16/03/2009,1.27986,1.28454,1.26282,1.277, , 
17/03/2009,1.27726,1.27726,1.26379,1.2717, , 
18/03/2009,1.27189,1.27686,1.26744,1.2695, , 
19/03/2009,1.26959,1.27554,1.24345,1.24701, , 
20/03/2009,1.24763,1.25071,1.21935,1.24106, , 
23/03/2009,1.24111,1.24503,1.22944,1.23849, , 
24/03/2009,1.23868,1.23994,1.22058,1.22406, , 
25/03/2009,1.22411,1.23281,1.22044,1.22851, , 
26/03/2009,1.22851,1.23586,1.2221,1.23026, , 
27/03/2009,1.23026,1.23383,1.22419,1.23021, , 
30/03/2009,1.23051,1.24484,1.22681,1.24082, , 
31/03/2009,1.24106,1.26503,1.23894,1.262, , 
1/04/2009,1.26274,1.26559,1.25046,1.26106, , 
2/04/2009,1.26126,1.27184,1.25786,1.25963, , 
3/04/2009,1.25967,1.26099,1.23391,1.2356, , 
6/04/2009,1.23647,1.24581,1.22671,1.22709, , 
7/04/2009,1.22709,1.24628,1.22274,1.24475, , 
8/04/2009,1.24754,1.24869,1.23329,1.23704, , 
9/04/2009,1.23822,1.2469,1.23105,1.23853, , 
10/04/2009,1.23882,1.24058,1.22137,1.22587, , 
13/04/2009,1.22631,1.23011,1.22482,1.22741, , 
14/04/2009,1.22761,1.2302,1.21681,1.21941, , 
15/04/2009,1.21982,1.22452,1.20652,1.21468, , 
16/04/2009,1.2151,1.21891,1.20161,1.20438, , 
17/04/2009,1.2046,1.21498,1.19854,1.20873, , 
20/04/2009,1.20881,1.21805,1.20791,1.21587, , 
21/04/2009,1.21641,1.24098,1.21511,1.24082, , 
22/04/2009,1.24091,1.25081,1.23286,1.23805, , 
23/04/2009,1.23811,1.24778,1.23294,1.23961, , 
24/04/2009,1.23961,1.24195,1.22251,1.22576, , 
27/04/2009,1.22601,1.22737,1.20754,1.21334, , 
28/04/2009,1.21375,1.22221,1.20788,1.21867, , 
29/04/2009,1.21897,1.22696,1.21661,1.22114, , 
30/04/2009,1.2213,1.2217,1.19934,1.20286, , 
1/05/2009,1.2029,1.2029,1.18621,1.19369, , 
4/05/2009,1.19376,1.19548,1.18342,1.185, , 
5/05/2009,1.185,1.19019,1.17213,1.17292, , 
6/05/2009,1.17353,1.17934,1.16798,1.17699, , 
7/05/2009,1.17723,1.18278,1.16559,1.16708, , 
8/05/2009,1.16728,1.17677,1.16324,1.17089, , 
11/05/2009,1.17111,1.1736,1.14948,1.15047, , 
12/05/2009,1.15061,1.16796,1.14787,1.16563, , 
13/05/2009,1.16606,1.16998,1.15421,1.15878, , 
14/05/2009,1.1591,1.178,1.15556,1.17421, , 
15/05/2009,1.17512,1.17921,1.16861,1.17131, , 
18/05/2009,1.17164,1.18089,1.16504,1.17944, ,
19/05/2009,1.18011,1.18164,1.16091,1.1637, ,
21/05/2009,1.15528,1.15864,1.13653,1.14123, ,
22/05/2009,1.1207,1.134,1.1359,1.1186,,
25/05/2009,1.1248,1.1209,1.1278,1.1208,,
26/05/2009,1.1153,1.1248,1.1354,1.1148,,
27/05/2009,1.1212,1.1151,1.1235,1.1098,,
28/05/2009,1.1137,1.121,1.1257,1.1106,,
29/05/2009,1.089,1.1136,1.1145,1.089,,
1/06/2009,1.0897,1.0922,1.0944,1.0783,,
2/06/2009,1.0838,1.0897,1.0971,1.0789,,
3/06/2009,1.1105,1.0836,1.1144,1.0794,,
4/06/2009,1.0992,1.1103,1.1158,1.0927,,
5/06/2009,1.1207,1.099,1.1207,1.0961,,
8/06/2009,1.114,1.1182,1.1289,1.1139,,
9/06/2009,1.1048,1.1139,1.1194,1.0981,,
10/06/2009,1.1081,1.1051,1.1162,1.094,,
11/06/2009,1.1011,1.108,1.1086,1.0948,,
12/06/2009,1.1246,1.1011,1.1246,1.1009,,
15/06/2009,1.1337,1.1204,1.1375,1.1187,,
16/06/2009,1.1364,1.1337,1.1371,1.1221,,
17/06/2009,1.1294,1.1366,1.1448,1.1274,,
18/06/2009,1.1322,1.1295,1.1363,1.1231,,
19/06/2009,1.1355,1.1322,1.1362,1.1248,,
22/06/2009,1.1547,1.135,1.1554,1.135,,
23/06/2009,1.1496,1.1547,1.1581,1.1463,,
24/06/2009,1.1549,1.1499,1.1583,1.1417,,
25/06/2009,1.1539,1.1551,1.1636,1.1524,,
26/06/2009,1.1527,1.1536,1.1562,1.1443,,
29/06/2009,1.1554,1.153,1.16,1.1507,,
30/06/2009,1.162,1.1558,1.1641,1.1509,,
1/07/2009,1.1486,1.162,1.1656,1.1436,,
2/07/2009,1.1627,1.1486,1.1637,1.147,,
3/07/2009,1.1605,1.1627,1.1634,1.1561,,
6/07/2009,1.159,1.1612,1.1677,1.1585,,
7/07/2009,1.167,1.1587,1.1673,1.1542,,
8/07/2009,1.1637,1.1672,1.1723,1.1586,,
9/07/2009,1.1612,1.1637,1.1642,1.1546,,
10/07/2009,1.1636,1.1613,1.1673,1.1596,,
13/07/2009,1.1503,1.1604,1.167,1.1494,,
14/07/2009,1.1332,1.1502,1.1529,1.1321,,
15/07/2009,1.1169,1.1332,1.1347,1.1116,,
16/07/2009,1.1179,1.1166,1.1223,1.1124,,
17/07/2009,1.1133,1.1179,1.1198,1.1128,,
20/07/2009,1.107,1.1132,1.1133,1.1017,,
21/07/2009,1.106,1.1069,1.1112,1.0964,,
22/07/2009,1.1004,1.1061,1.1087,1.0948,,
23/07/2009,1.0893,1.1002,1.1009,1.084,,
24/07/2009,1.0863,1.0895,1.0922,1.0793,,
27/07/2009,1.0803,1.0871,1.0877,1.0777,,
28/07/2009,1.0826,1.08,1.0905,1.0749,,
29/07/2009,1.0911,1.0825,1.0933,1.0797,,
30/07/2009,1.0829,1.0908,1.0909,1.0803,,
31/07/2009,1.0773,1.0829,1.0855,1.0763,,
3/08/2009,1.0658,1.0757,1.079,1.0642,,
4/08/2009,1.0699,1.0659,1.0764,1.063,,
5/08/2009,1.0705,1.0699,1.0782,1.0677,,
6/08/2009,1.0767,1.0706,1.0797,1.0676,,
7/08/2009,1.0812,1.0767,1.0865,1.0755,,
10/08/2009,1.0884,1.0834,1.0927,1.0795,,
11/08/2009,1.1001,1.0883,1.1045,1.0864,,
12/08/2009,1.0896,1.0999,1.1076,1.085,,
13/08/2009,1.0876,1.0896,1.0909,1.0794,,
14/08/2009,1.098,1.0878,1.1022,1.0814,,
17/08/2009,1.1067,1.1009,1.1125,1.1009,,
18/08/2009,1.1005,1.1068,1.1107,1.1003,,
19/08/2009,1.0942,1.1006,1.1114,1.0938,,
20/08/2009,1.0881,1.0941,1.0996,1.0865,,
21/08/2009,1.0812,1.0885,1.0944,1.0765,,
24/08/2009,1.0777,1.0806,1.0825,1.0726,,
25/08/2009,1.0876,1.0776,1.0876,1.0719,,
26/08/2009,1.0979,1.0876,1.1,1.0833,,
27/08/2009,1.0872,1.0979,1.1021,1.0833,,
28/08/2009,1.0915,1.087,1.0937,1.0793,,
31/08/2009,1.0943,1.0917,1.1092,1.0904,,
1/09/2009,1.1041,1.0941,1.1068,1.0872,,
2/09/2009,1.1044,1.1039,1.1103,1.1008,,
3/09/2009,1.1025,1.1045,1.1075,1.0967,,
4/09/2009,1.0885,1.1025,1.1038,1.0825,,
7/09/2009,1.0786,1.0847,1.086,1.0741,,
8/09/2009,1.078,1.0785,1.0823,1.0674,,
9/09/2009,1.0791,1.078,1.0835,1.0747,,
10/09/2009,1.0779,1.0795,1.088,1.077,,
11/09/2009,1.0767,1.078,1.0793,1.0716,,
14/09/2009,1.0824,1.0796,1.0927,1.0796,,
15/09/2009,1.0729,1.0825,1.0871,1.0713,,
16/09/2009,1.067,1.0727,1.0737,1.0645,,
17/09/2009,1.0659,1.0669,1.0677,1.0592,,
18/09/2009,1.0693,1.066,1.0769,1.0657,,
21/09/2009,1.078,1.0691,1.0853,1.0679,,
22/09/2009,1.068,1.0781,1.0782,1.0661,,
23/09/2009,1.0754,1.068,1.0777,1.0664,,
24/09/2009,1.0909,1.0748,1.0948,1.0708,,
25/09/2009,1.0915,1.0908,1.0983,1.0861,,
28/09/2009,1.0856,1.0934,1.0994,1.0834,,
29/09/2009,1.084,1.0856,1.0924,1.0796,,
30/09/2009,1.0688,1.084,1.0845,1.0672,,
1/10/2009,1.0845,1.0687,1.0848,1.0674,,
2/10/2009,1.0803,1.0845,1.0958,1.079,,
5/10/2009,1.0697,1.0797,1.0799,1.0694,,
6/10/2009,1.0594,1.07,1.0715,1.0547,,
7/10/2009,1.0594,1.0595,1.065,1.0528,,
8/10/2009,1.0528,1.0593,1.0632,1.0507,,
9/10/2009,1.0421,1.0529,1.0552,1.0411,,
12/10/2009,1.0327,1.0418,1.0454,1.0319,,
13/10/2009,1.032,1.0333,1.0373,1.0268,,
14/10/2009,1.023,1.0324,1.0324,1.023,,
15/10/2009,1.0313,1.023,1.0371,1.0207,,
16/10/2009,1.0373,1.0312,1.0436,1.029,,
19/10/2009,1.0289,1.0384,1.0423,1.0275,,
20/10/2009,1.049,1.0288,1.0527,1.0268,,
21/10/2009,1.044,1.0491,1.0584,1.0379,,
22/10/2009,1.0459,1.0439,1.0545,1.0419,,
23/10/2009,1.0541,1.0458,1.0545,1.045,,
26/10/2009,1.069,1.0534,1.0698,1.0502,,
27/10/2009,1.0644,1.0692,1.0718,1.0628,,
28/10/2009,1.0806,1.0644,1.0815,1.0641,,
29/10/2009,1.0677,1.0807,1.0821,1.0656,,
30/10/2009,1.0846,1.0678,1.0848,1.0654,,
2/11/2009,1.06802,1.08723,1.0655,1.08312, ,
3/11/2009,1.08323,1.084,1.07159,1.07789, ,
4/11/2009,1.07818,1.08549,1.06549,1.06697, ,
5/11/2009,1.06722,1.06893,1.05982,1.06317, ,
6/11/2009,1.06367,1.06847,1.0607,1.06532, ,
9/11/2009,1.06567,1.07829,1.06117,1.07451, ,
10/11/2009,1.07457,1.07507,1.05445,1.05562, ,
11/11/2009,1.05605,1.06112,1.04855,1.05, ,
12/11/2009,1.05002,1.05065,1.04345,1.04482, ,
13/11/2009,1.04497,1.05792,1.04191,1.05522, ,
16/11/2009,1.05527,1.05702,1.04745,1.04878, ,
17/11/2009,1.04952,1.05265,1.04283,1.04715, ,
18/11/2009,1.04731,1.06207,1.04676,1.05145, ,
19/11/2009,1.05163,1.0585,1.04522,1.05547, ,
20/11/2009,1.05588,1.06912,1.05582,1.06292, ,
23/11/2009,1.06296,1.07343,1.06177,1.06882, ,
24/11/2009,1.06892,1.06892,1.05415,1.05712, ,
25/11/2009,1.05722,1.06457,1.05645,1.05789, ,
26/11/2009,1.05828,1.05867,1.04528,1.04663, ,
27/11/2009,1.04737,1.0624,1.04597,1.06146, ,
30/11/2009,1.06235,1.07523,1.0589,1.05937, ,
1/12/2009,1.06113,1.06156,1.05353,1.05437, ,
2/12/2009,1.05447,1.05817,1.04083,1.04662, ,
3/12/2009,1.04712,1.05183,1.04336,1.04959, ,
4/12/2009,1.05013,1.0586,1.04644,1.05632, ,
7/12/2009,1.05672,1.05982,1.0437,1.05642, ,
8/12/2009,1.05667,1.06522,1.04843,1.05027, ,
9/12/2009,1.05137,1.06729,1.04902,1.06502, ,
10/12/2009,1.06525,1.06542,1.05173,1.05447, ,
11/12/2009,1.05498,1.05852,1.04813,1.05182, ,
14/12/2009,1.05192,1.06247,1.04867,1.0589, ,
15/12/2009,1.05892,1.06646,1.05702,1.05942, ,
16/12/2009,1.05952,1.06542,1.05557,1.06102, ,
17/12/2009,1.06167,1.06456,1.0573,1.06228, ,
18/12/2009,1.06247,1.07473,1.06132,1.07055, ,
21/12/2009,1.07083,1.07209,1.06303,1.06747, ,
22/12/2009,1.06768,1.07007,1.05389,1.06201, ,
23/12/2009,1.06201,1.06371,1.05435,1.05742, ,
24/12/2009,1.05758,1.05817,1.04723,1.04901, ,
28/12/2009,1.04906,1.04986,1.04498,1.04883, ,
29/12/2009,1.04898,1.05042,1.0421,1.04308, ,
30/12/2009,1.04318,1.04522,1.03686,1.04477, ,
31/12/2009,1.04507,1.058,1.04439,1.05512, ,
4/01/2010,1.05518,1.05532,1.04613,1.04755, ,
5/01/2010,1.04852,1.05207,1.03536,1.04121, ,
6/01/2010,1.04121,1.04137,1.03383,1.03982, ,
7/01/2010,1.04012,1.04132,1.03145,1.03202, ,
8/01/2010,1.03233,1.03756,1.02933,1.03427, ,
11/01/2010,1.03437,1.03863,1.02703,1.0286, ,
12/01/2010,1.02903,1.03465,1.0255,1.03422, ,
13/01/2010,1.03443,1.04161,1.03155,1.03951, ,
14/01/2010,1.04022,1.04156,1.0291,1.03143, ,
15/01/2010,1.03172,1.03248,1.02265,1.02392, ,
18/01/2010,1.02407,1.03159,1.02392,1.02976, ,
19/01/2010,1.0298,1.03177,1.02503,1.02539, ,
20/01/2010,1.02582,1.035,1.02507,1.03202, ,
21/01/2010,1.03217,1.04912,1.03157,1.04547, ,
22/01/2010,1.04557,1.05284,1.04417,1.05093, ,
25/01/2010,1.05163,1.06047,1.0466,1.05677, ,
26/01/2010,1.05702,1.06153,1.05344,1.05722, ,
27/01/2010,1.05752,1.06943,1.05483,1.06237, ,
28/01/2010,1.06277,1.06905,1.06112,1.06402, ,
29/01/2010,1.06427,1.06828,1.05588,1.06637, ,
1/02/2010,1.06642,1.07171,1.06253,1.06842, ,
2/02/2010,1.06882,1.0724,1.06093,1.06226, ,
3/02/2010,1.06258,1.06434,1.05673,1.05742, ,
4/02/2010,1.05751,1.06376,1.05475,1.06192, ,
5/02/2010,1.06212,1.07537,1.05995,1.07228, ,
8/02/2010,1.07251,1.07828,1.06455,1.07172, ,
9/02/2010,1.07197,1.07777,1.06593,1.07507, ,
10/02/2010,1.07512,1.07593,1.0647,1.06752, ,
11/02/2010,1.06792,1.07097,1.0599,1.06179, ,
12/02/2010,1.06215,1.06215,1.04813,1.05021, ,
15/02/2010,1.05057,1.05813,1.04905,1.05073, ,
16/02/2010,1.05095,1.05352,1.04649,1.04982, ,
17/02/2010,1.05007,1.05023,1.04118,1.04362, ,
18/02/2010,1.04392,1.04733,1.04133,1.04626, ,
19/02/2010,1.04637,1.05203,1.03993,1.04999, ,
22/02/2010,1.05033,1.05323,1.03893,1.03902, ,
23/02/2010,1.03917,1.04433,1.03726,1.04207, ,
24/02/2010,1.04292,1.05818,1.03843,1.05518, ,
25/02/2010,1.05541,1.05968,1.05143,1.05261, ,
26/02/2010,1.05272,1.06822,1.05166,1.06147, ,
1/03/2010,1.06192,1.06222,1.05083,1.05162, ,
2/03/2010,1.05182,1.05756,1.04118,1.04192, ,
3/03/2010,1.04192,1.04461,1.03106,1.03527, ,
4/03/2010,1.03547,1.03637,1.02759,1.03242, ,
5/03/2010,1.03247,1.03417,1.02723,1.03131, ,
8/03/2010,1.03142,1.03373,1.02631,1.02692, ,
9/03/2010,1.02707,1.02961,1.0253,1.02798, ,
10/03/2010,1.02838,1.03222,1.0238,1.02694, ,
11/03/2010,1.02707,1.0294,1.02187,1.02578, ,
12/03/2010,1.02578,1.03242,1.02312,1.02388, ,
15/03/2010,1.02407,1.02503,1.01569,1.01702, ,
16/03/2010,1.01752,1.02342,1.01661,1.01937, ,
17/03/2010,1.01937,1.02052,1.01353,1.01365, ,
18/03/2010,1.01385,1.01453,1.00725,1.01067, ,
19/03/2010,1.01073,1.01543,1.00913,1.01378, ,
22/03/2010,1.01412,1.01908,1.0064,1.01712, ,
23/03/2010,1.01712,1.02454,1.01498,1.01722, ,
24/03/2010,1.01723,1.02313,1.01533,1.01672, ,
25/03/2010,1.01692,1.0284,1.0159,1.02387, ,
26/03/2010,1.02387,1.02518,1.01723,1.02366, ,
29/03/2010,1.02375,1.03051,1.02083,1.02657, ,
30/03/2010,1.02677,1.02735,1.0179,1.0216, ,
31/03/2010,1.02171,1.02252,1.01593,1.01787, ,
1/04/2010,1.01793,1.02012,1.01322,1.01419, ,
2/04/2010,1.01422,1.01498,1.00688,1.0097, ,
5/04/2010,1.01019,1.01323,1.00766,1.00887, ,
6/04/2010,1.00888,1.00888,1.00123,1.00222, ,
7/04/2010,1.00233,1.00498,0.99897,1.00204, ,
8/04/2010,1.00219,1.00651,0.99802,1.00551, ,
9/04/2010,1.00551,1.01072,1.001,1.001, ,
12/04/2010,1.00105,1.0085,0.99931,1.00363, ,
13/04/2010,1.00372,1.00907,1.00131,1.00313, , 
14/04/2010,1.00368,1.00678,1.00072,1.00167, , 
15/04/2010,1.00185,1.00185,0.99553,0.99808, , 
16/04/2010,0.99823,1.00382,0.99657,1.00243, , 
19/04/2010,1.00253,1.01663,1.00053,1.01527, , 
20/04/2010,1.01533,1.02177,1.01383,1.01488, , 
21/04/2010,1.01493,1.01667,0.99723,0.99822, , 
22/04/2010,0.99842,1.00157,0.9933,0.99938, , 
23/04/2010,0.99952,1.00413,0.99623,1.00307, , 
26/04/2010,1.00307,1.0067,0.99703,0.99992, , 
27/04/2010,1.00017,1.00252,0.99726,1.00051, , 
28/04/2010,1.00052,1.01829,1.00038,1.01483, , 
29/04/2010,1.01483,1.0199,1.00756,1.01092, , 
30/04/2010,1.01101,1.01157,1.00152,1.00437, , 
3/05/2010,1.0044,1.018,1.00182,1.01631, , 
4/05/2010,1.01666,1.01881,1.01022,1.01148, , 
5/05/2010,1.01166,1.02592,1.01102,1.02421, , 
6/05/2010,1.02429,1.03568,1.02337,1.03099, , 
7/05/2010,1.03108,1.07522,1.02842,1.04892, , 
10/05/2010,1.04962,1.05729,1.03147,1.03736, , 
11/05/2010,1.03811,1.03811,1.02118,1.02483, , 
12/05/2010,1.02551,1.02906,1.01509,1.02066, , 
13/05/2010,1.02081,1.02494,1.0155,1.01851, , 
14/05/2010,1.01866,1.02302,1.01124,1.02148, , 
17/05/2010,1.02157,1.03799,1.02131,1.03557, , 
18/05/2010,1.03576,1.04412,1.03111,1.03321, , 
19/05/2010,1.03322,1.04293,1.02481,1.04269, , 
20/05/2010,1.04278,1.05402,1.03882,1.04499, , 
21/05/2010,1.0452,1.07502,1.04346,1.06925, , 
24/05/2010,1.07064,1.07531,1.05538,1.06308, , 
25/05/2010,1.06332,1.06638,1.05364,1.06348, , 
26/05/2010,1.06367,1.08564,1.06336,1.06813, , 
27/05/2010,1.06856,1.07469,1.05824,1.06908, , 
28/05/2010,1.06938,1.07083,1.04834,1.04974, , 
31/05/2010,1.05004,1.05559,1.04454,1.05453, , 
1/06/2010,1.05464,1.05487,1.0415,1.04245, , 
2/06/2010,1.04339,1.05619,1.04204,1.05358, , 
3/06/2010,1.05362,1.0571,1.03708,1.03877, , 
4/06/2010,1.03892,1.04617,1.03331,1.03955, , 
7/06/2010,1.04012,1.06422,1.03432,1.06332, , 
8/06/2010,1.06357,1.06773,1.05145,1.05897, , 
9/06/2010,1.05932,1.05942,1.04633,1.04831, , 
10/06/2010,1.04861,1.05147,1.03631,1.04299, , 
11/06/2010,1.04305,1.04476,1.02714,1.02986, , 
14/06/2010,1.03026,1.03885,1.0296,1.0296, , 
15/06/2010,1.0299,1.03469,1.02232,1.0327, , 
16/06/2010,1.03275,1.03602,1.024,1.02577, , 
17/06/2010,1.02585,1.03231,1.02232,1.02561, , 
18/06/2010,1.0257,1.03368,1.02229,1.02854, , 
21/06/2010,1.0286,1.03116,1.01724,1.01724, , 
22/06/2010,1.01779,1.02625,1.01398,1.02336, , 
23/06/2010,1.02363,1.02986,1.01834,1.02849, , 
24/06/2010,1.02894,1.04617,1.02879,1.03994, , 
25/06/2010,1.04,1.04719,1.03764,1.04284, , 
28/06/2010,1.04302,1.04452,1.03423,1.03573, , 
29/06/2010,1.0361,1.03738,1.0322,1.03514, , 
30/06/2010,1.03549,1.05785,1.03449,1.05454, , 
1/07/2010,1.05494,1.06498,1.04689,1.0634, , 
2/07/2010,1.06359,1.06771,1.05794,1.05906, , 
5/07/2010,1.05943,1.067,1.05585,1.06429, , 
6/07/2010,1.06435,1.06785,1.05781,1.06614, , 
7/07/2010,1.06674,1.06797,1.04879,1.05288, , 
8/07/2010,1.05309,1.06079,1.04694,1.04814, , 
9/07/2010,1.04834,1.04834,1.03809,1.0435, , 
12/07/2010,1.04359,1.04566,1.02979,1.0323, , 
13/07/2010,1.03245,1.03879,1.03029,1.03501, , 
14/07/2010,1.03504,1.03876,1.02779,1.03115, , 
15/07/2010,1.03132,1.03727,1.02869,1.03348, , 
16/07/2010,1.03403,1.04447,1.02853,1.03908, , 
19/07/2010,1.03944,1.05853,1.03839,1.05783, , 
20/07/2010,1.05788,1.05858,1.05009,1.05466, , 
21/07/2010,1.05484,1.0588,1.04254,1.04293, , 
22/07/2010,1.0431,1.05037,1.03528,1.04749, , 
23/07/2010,1.04788,1.05059,1.03571,1.0366, , 
26/07/2010,1.03734,1.0447,1.03478,1.03714, , 
27/07/2010,1.03747,1.03804,1.03046,1.03241, , 
28/07/2010,1.03248,1.03977,1.02573,1.03578, , 
29/07/2010,1.03601,1.03911,1.0301,1.0378, , 
30/07/2010,1.0378,1.0393,1.03048,1.0359, , 
2/08/2010,1.03629,1.03772,1.02657,1.02887, , 
3/08/2010,1.02889,1.02945,1.02059,1.02295, , 
4/08/2010,1.02296,1.02754,1.02214,1.02384, , 
5/08/2010,1.02415,1.02725,1.01649,1.0182, , 
6/08/2010,1.01828,1.01835,1.01093,1.01748, , 
9/08/2010,1.0177,1.03085,1.0149,1.02814, , 
10/08/2010,1.02817,1.03011,1.02579,1.02791, , 
11/08/2010,1.02819,1.03903,1.02785,1.03103, , 
12/08/2010,1.0311,1.04831,1.0307,1.04721, , 
13/08/2010,1.04751,1.04959,1.04209,1.0426, , 
16/08/2010,1.04332,1.04407,1.03518,1.04205, , 
17/08/2010,1.04205,1.04667,1.03725,1.04323, , 
18/08/2010,1.04373,1.04386,1.03102,1.03282, , 
19/08/2010,1.03286,1.0343,1.0269,1.0296, , 
20/08/2010,1.02996,1.04181,1.02491,1.0398, , 
23/08/2010,1.04036,1.05163,1.03836,1.04963, , 
24/08/2010,1.05005,1.05472,1.04464,1.05416, , 
25/08/2010,1.05443,1.06665,1.05389,1.06025, , 
26/08/2010,1.0605,1.06699,1.05758,1.0595, , 
27/08/2010,1.0598,1.06049,1.05229,1.05832, , 
30/08/2010,1.05864,1.06507,1.04826,1.04952, , 
31/08/2010,1.04979,1.0607,1.04737,1.06015, , 
1/09/2010,1.0605,1.06752,1.05766,1.06493, , 
2/09/2010,1.0651,1.06549,1.04855,1.05156, , 
3/09/2010,1.0516,1.05571,1.04731,1.05409, , 
6/09/2010,1.05445,1.057,1.03882,1.03913, , 
7/09/2010,1.03925,1.0408,1.03406,1.03792, , 
8/09/2010,1.03855,1.0488,1.0355,1.04736, , 
9/09/2010,1.04763,1.05112,1.03475,1.03718, , 
10/09/2010,1.03754,1.03966,1.03028,1.03399, , 
13/09/2010,1.03453,1.03759,1.02882,1.03201, , 
14/09/2010,1.03201,1.0348,1.02668,1.02849, , 
15/09/2010,1.02883,1.03077,1.02175,1.02679, , 
16/09/2010,1.02697,1.03226,1.02529,1.02619, , 
17/09/2010,1.02634,1.02915,1.02411,1.02697, , 
20/09/2010,1.027,1.0352,1.02181,1.03432, , 
21/09/2010,1.03433,1.03472,1.02629,1.03073, , 
22/09/2010,1.03076,1.03333,1.02183,1.02439, , 
23/09/2010,1.02479,1.03608,1.01931,1.0302, , 
24/09/2010,1.0306,1.03812,1.02867,1.0352, , 
27/09/2010,1.03525,1.03579,1.02268,1.02456, , 
28/09/2010,1.02461,1.03104,1.02251,1.03064, , 
29/09/2010,1.03096,1.03634,1.02878,1.03045, , 
30/09/2010,1.03045,1.03434,1.02419,1.03266, , 
1/10/2010,1.03285,1.03475,1.02325,1.03079, , 
4/10/2010,1.03099,1.03155,1.01891,1.01969, , 
5/10/2010,1.02008,1.02457,1.01817,1.02373, , 
6/10/2010,1.02377,1.02745,1.01558,1.01576, , 
7/10/2010,1.01601,1.01699,1.00639,1.01159, , 
8/10/2010,1.01174,1.02131,1.00794,1.01799, , 
11/10/2010,1.0185,1.02378,1.00942,1.00957, , 
12/10/2010,1.00986,1.01518,1.00953,1.01367, , 
13/10/2010,1.01382,1.01844,1.00909,1.00975, , 
14/10/2010,1.0101,1.01072,1.00129,1.00222, , 
15/10/2010,1.0024,1.00756,0.99819,1.0059, , 
18/10/2010,1.0063,1.01415,1.00144,1.01392, , 
19/10/2010,1.01392,1.02298,1.0136,1.01722, , 
20/10/2010,1.01735,1.03749,1.01639,1.03431, , 
21/10/2010,1.0345,1.03478,1.02088,1.02279, , 
22/10/2010,1.02307,1.03034,1.01694,1.02665, , 
25/10/2010,1.02681,1.0304,1.02246,1.0257, , 
26/10/2010,1.02604,1.02611,1.01557,1.02036, , 
27/10/2010,1.02071,1.02679,1.01829,1.02405, , 
28/10/2010,1.02431,1.0341,1.0228,1.02723, , 
29/10/2010,1.02743,1.02883,1.0183,1.01946, , 
1/11/2010,1.01949,1.02498,1.01704,1.01836, , 
2/11/2010,1.01959,1.02044,1.01275,1.01284, , 
3/11/2010,1.01301,1.0167,1.00835,1.00907, , 
4/11/2010,1.00961,1.01583,1.00488,1.00869, , 
5/11/2010,1.0088,1.00993,1.00115,1.00274, , 
8/11/2010,1.00281,1.01017,0.9993,1.00006, , 
9/11/2010,1.00011,1.00566,0.99969,1.00445, , 
10/11/2010,1.00464,1.0096,0.99819,1.00712, , 
11/11/2010,1.00734,1.00823,0.99955,1.00048, , 
12/11/2010,1.00098,1.00741,0.99791,1.00437, , 
15/11/2010,1.00448,1.01476,1.00293,1.01051, , 
16/11/2010,1.01054,1.01411,1.00582,1.00998, , 
17/11/2010,1.01014,1.02559,1.00715,1.02217, , 
18/11/2010,1.02237,1.02641,1.01824,1.02338, , 
19/11/2010,1.02369,1.02388,1.01566,1.01838, , 
22/11/2010,1.01851,1.02355,1.01591,1.01627, , 
23/11/2010,1.01627,1.02186,1.01231,1.0194, , 
24/11/2010,1.01958,1.02658,1.01654,1.02183, , 
25/11/2010,1.02235,1.02261,1.00931,1.00992, , 
26/11/2010,1.00999,1.01257,1.00779,1.00882, , 
29/11/2010,1.00894,1.02485,1.0087,1.01886, , 
30/11/2010,1.01886,1.02595,1.01692,1.01956, , 
1/12/2010,1.01969,1.02879,1.01736,1.02591, , 
2/12/2010,1.02608,1.02729,1.01432,1.01824, , 
3/12/2010,1.01833,1.01922,1.00278,1.00363, , 
6/12/2010,1.00388,1.00821,1.00043,1.00255, , 
7/12/2010,1.00279,1.00849,1.00239,1.00599, , 
8/12/2010,1.00609,1.01275,1.00136,1.01114, , 
9/12/2010,1.01114,1.01431,1.00649,1.01102, , 
10/12/2010,1.01114,1.01275,1.00681,1.01054, , 
13/12/2010,1.01074,1.01175,1.00854,1.01017, , 
14/12/2010,1.01027,1.01072,1.00292,1.00783, , 
15/12/2010,1.00787,1.01127,1.00301,1.00639, , 
16/12/2010,1.00657,1.00966,1.00027,1.00426, , 
17/12/2010,1.00444,1.00769,1.00341,1.00593, , 
20/12/2010,1.00601,1.01484,1.004,1.01264, , 
21/12/2010,1.01304,1.02104,1.01036,1.01804, , 
22/12/2010,1.01818,1.02111,1.01532,1.01789, , 
23/12/2010,1.01789,1.01807,1.0113,1.01287, , 
24/12/2010,1.0129,1.01667,1.00724,1.00974, , 
27/12/2010,1.00979,1.01196,1.00519,1.01039, , 
28/12/2010,1.01079,1.01129,1.00599,1.006, , 
29/12/2010,1.00613,1.00734,0.99769,1.00244, , 
30/12/2010,1.00246,1.00578,0.99766,1.00001, , 
31/12/2010,1.00009,1.00237,0.99928,1.00006, , 
3/01/2011,1.0001,1.00095,0.99306,0.99306, , 
4/01/2011,0.99306,0.99509,0.989,0.99269, , 
5/01/2011,0.99269,1.00357,0.99186,0.997, , 
6/01/2011,0.997,1.00248,0.99351,0.99669, , 
7/01/2011,0.99669,0.99948,0.99271,0.99778, , 
10/01/2011,0.99778,1.00053,0.99008,0.99218, , 
11/01/2011,0.99218,0.99856,0.99143,0.99301, , 
12/01/2011,0.99301,0.99523,0.9893,0.98954, , 
13/01/2011,0.98954,0.98973,0.98501,0.98673, , 
14/01/2011,0.98673,0.99106,0.98565,0.98944, , 
17/01/2011,0.98944,0.99786,0.98752,0.98777, , 
18/01/2011,0.98777,0.99029,0.98581,0.98763, , 
19/01/2011,0.98763,0.99364,0.98392,0.99241, , 
20/01/2011,0.99241,0.99675,0.98907,0.99562, , 
21/01/2011,0.99562,1.00326,0.99543,0.99705, , 
24/01/2011,0.99705,0.99898,0.99102,0.99378, , 
25/01/2011,0.99378,0.99843,0.99198,0.99368, , 
26/01/2011,0.99368,1.00059,0.99131,0.99728, , 
27/01/2011,0.99728,0.99829,0.99385,0.99504, , 
28/01/2011,0.99504,0.99891,0.99279,0.99556, , 
31/01/2011,0.99556,1.00284,0.99391,1.00278, , 
1/02/2011,1.00278,1.00595,0.99638,1.0004, , 
2/02/2011,1.0004,1.00047,0.99018,0.99062, , 
3/02/2011,0.99062,0.99177,0.98617,0.98811, , 
4/02/2011,0.98811,0.99852,0.98674,0.99103, , 
7/02/2011,0.99103,0.99165,0.98326,0.98796, , 
8/02/2011,0.98796,0.99128,0.98597,0.99045, , 
9/02/2011,0.99045,0.99787,0.98702,0.9953, , 
10/02/2011,0.9953,0.99572,0.99167,0.99436, , 
11/02/2011,0.99436,0.99892,0.99387,0.99588, , 
14/02/2011,0.99588,0.99876,0.98654,0.98733, , 
15/02/2011,0.98733,0.99038,0.98515,0.98969, , 
16/02/2011,0.98969,0.99085,0.98531,0.98968, , 
17/02/2011,0.98968,0.98977,0.98469,0.98475, , 
18/02/2011,0.98475,0.9861,0.98175,0.98433, , 
21/02/2011,0.98433,0.98758,0.982,0.98555, , 
22/02/2011,0.98555,0.9874,0.98227,0.98285, , 
23/02/2011,0.98285,0.99207,0.98256,0.99004, , 
24/02/2011,0.99004,0.99604,0.98597,0.98891, , 
25/02/2011,0.98891,0.9903,0.98183,0.98224, , 
28/02/2011,0.98224,0.98296,0.97757,0.97789, , 
1/03/2011,0.97789,0.97907,0.97109,0.97142, , 
2/03/2011,0.97142,0.97566,0.96848,0.97481, , 
3/03/2011,0.97481,0.97774,0.97097,0.97317, , 
4/03/2011,0.97317,0.97537,0.97158,0.97294, , 
7/03/2011,0.97294,0.97445,0.97007,0.97194, , 
8/03/2011,0.97194,0.97446,0.97007,0.97332, , 
9/03/2011,0.97332,0.97501,0.97087,0.97128, , 
10/03/2011,0.97128,0.97167,0.96691,0.96898, , 
11/03/2011,0.96898,0.97684,0.96851,0.97503, , 
14/03/2011,0.97503,0.98067,0.97118,0.97428, , 
15/03/2011,0.97428,0.97654,0.97121,0.9747, , 
16/03/2011,0.9747,0.99752,0.97387,0.98418, , 
17/03/2011,0.98418,0.99688,0.98089,0.99294, , 
18/03/2011,0.99294,0.99334,0.98361,0.98468, , 
21/03/2011,0.98468,0.987,0.9806,0.98377, , 
22/03/2011,0.98377,0.9847,0.97508,0.97907, , 
23/03/2011,0.97907,0.98244,0.97481,0.98198, , 
24/03/2011,0.98198,0.98445,0.97935,0.98072, , 
25/03/2011,0.98072,0.98261,0.97328,0.97709, , 
28/03/2011,0.97709,0.98312,0.97437,0.98182, , 
29/03/2011,0.98182,0.98232,0.97427,0.97828, , 
30/03/2011,0.97828,0.97855,0.97398,0.97414, , 
31/03/2011,0.97414,0.97549,0.96879,0.97182, , 
1/04/2011,0.97182,0.97304,0.96849,0.97, , 
4/04/2011,0.97,0.97037,0.96277,0.96343, , 
5/04/2011,0.96343,0.96887,0.96177,0.96738, , 
6/04/2011,0.96738,0.96946,0.96287,0.96372, , 
7/04/2011,0.96372,0.96422,0.95694,0.96056, , 
8/04/2011,0.96056,0.96255,0.95718,0.95906, , 
11/04/2011,0.95906,0.95937,0.95277,0.95559, , 
12/04/2011,0.95559,0.95789,0.95445,0.95681, , 
13/04/2011,0.95681,0.96587,0.95606,0.96121, , 
14/04/2011,0.96121,0.96567,0.95866,0.96264, , 
15/04/2011,0.96264,0.96709,0.95966,0.96018, , 
18/04/2011,0.96018,0.96509,0.95901,0.96003, , 
19/04/2011,0.96003,0.97229,0.95982,0.96459, , 
20/04/2011,0.96459,0.96679,0.95499,0.9551, , 
21/04/2011,0.9551,0.95587,0.94986,0.95203, , 
22/04/2011,0.95203,0.9539,0.94559,0.95267, , 
25/04/2011,0.95267,0.95479,0.95209,0.9526, , 
26/04/2011,0.9526,0.95627,0.95056,0.95528, , 
27/04/2011,0.95528,0.95642,0.94946,0.94958, , 
28/04/2011,0.94958,0.95775,0.94896,0.95039, , 
29/04/2011,0.95039,0.95222,0.9467,0.95045, , 
2/05/2011,0.95045,0.95509,0.9448,0.94626, , 
3/05/2011,0.94626,0.95221,0.945,0.95142, , 
4/05/2011,0.95142,0.95431,0.94608,0.95219, , 
5/05/2011,0.95219,0.9605,0.95057,0.95887, , 
6/05/2011,0.95887,0.97145,0.95707,0.96623, , 
9/05/2011,0.96623,0.9704,0.95748,0.96296, , 
10/05/2011,0.96296,0.96972,0.9606,0.96441, , 
11/05/2011,0.96441,0.96552,0.95657,0.95712, , 
12/05/2011,0.95712,0.96399,0.95145,0.96097, , 
13/05/2011,0.96097,0.96956,0.96009,0.9636, , 
16/05/2011,0.9636,0.97455,0.96061,0.97034, , 
17/05/2011,0.97034,0.97718,0.96849,0.97549, , 
18/05/2011,0.97549,0.9795,0.9718,0.97232, , 
19/05/2011,0.97232,0.97603,0.96916,0.96957, , 
20/05/2011,0.96957,0.97156,0.96552,0.96719, , 
23/05/2011,0.96719,0.97731,0.96426,0.97408, , 
24/05/2011,0.97408,0.98116,0.9738,0.97867, , 
25/05/2011,0.97867,0.97925,0.97557,0.97682, , 
26/05/2011,0.97682,0.98175,0.97452,0.97934, , 
27/05/2011,0.97934,0.98171,0.97584,0.97932, , 
30/05/2011,0.97932,0.97994,0.97548,0.97709, , 
31/05/2011,0.97709,0.97889,0.97537,0.97636, , 
1/06/2011,0.97636,0.97662,0.96563,0.96771, , 
2/06/2011,0.96771,0.97836,0.96686,0.97697, , 
3/06/2011,0.97697,0.9811,0.97464,0.97582, , 
6/06/2011,0.97582,0.98534,0.97463,0.97757, , 
7/06/2011,0.97757,0.98187,0.97702,0.97999, , 
8/06/2011,0.97999,0.98115,0.97329,0.97443, , 
9/06/2011,0.97443,0.98219,0.97442,0.97992, , 
10/06/2011,0.97992,0.98142,0.9725,0.97483, , 
13/06/2011,0.97483,0.98023,0.97138,0.97952, , 
14/06/2011,0.97952,0.97988,0.9753,0.97654, , 
15/06/2011,0.97654,0.97738,0.96765,0.96916, , 
16/06/2011,0.96916,0.98303,0.9672,0.97836, , 
17/06/2011,0.97836,0.98996,0.97744,0.98149, , 
20/06/2011,0.98149,0.98705,0.97768,0.9817, , 
21/06/2011,0.9817,0.98509,0.97784,0.97918, , 
22/06/2011,0.97918,0.98076,0.97124,0.97276, , 
23/06/2011,0.97276,0.97548,0.9702,0.97407, , 
24/06/2011,0.97407,0.98255,0.97148,0.97823, , 
27/06/2011,0.97823,0.98954,0.97721,0.98933, , 
28/06/2011,0.98933,0.99142,0.98532,0.9858, , 
29/06/2011,0.9858,0.98858,0.98045,0.9814, , 
30/06/2011,0.9814,0.98264,0.96704,0.96857, , 
1/07/2011,0.96857,0.96888,0.9626,0.9643, , 
4/07/2011,0.9643,0.96523,0.9582,0.95879, , 
5/07/2011,0.95879,0.96197,0.95824,0.96051, , 
6/07/2011,0.96051,0.96438,0.95972,0.96297, , 
7/07/2011,0.96297,0.9696,0.96163,0.96507, , 
8/07/2011,0.96507,0.96679,0.95707,0.95828, , 
11/07/2011,0.95828,0.96666,0.95692,0.96292, , 
12/07/2011,0.96292,0.96969,0.96252,0.96919, , 
13/07/2011,0.96919,0.97804,0.96279,0.96455, , 
14/07/2011,0.96455,0.96482,0.95626,0.95663, , 
15/07/2011,0.95663,0.96177,0.95503,0.95966, , 
18/07/2011,0.95966,0.96254,0.95213,0.9548, , 
19/07/2011,0.9548,0.96369,0.95479,0.9589, , 
20/07/2011,0.9589,0.95943,0.94837,0.95047, , 
21/07/2011,0.95047,0.95148,0.94582,0.94636, , 
22/07/2011,0.94636,0.94949,0.94249,0.9445, , 
25/07/2011,0.9445,0.95317,0.94288,0.95155, , 
26/07/2011,0.95155,0.95268,0.9436,0.94737, , 
27/07/2011,0.94737,0.94768,0.9408,0.94417, , 
28/07/2011,0.94417,0.95072,0.9412,0.95, , 
29/07/2011,0.95,0.95242,0.94592,0.95052, , 
1/08/2011,0.95052,0.95917,0.9499,0.9523, , 
2/08/2011,0.9523,0.96069,0.94929,0.95559, , 
3/08/2011,0.95559,0.96219,0.95491,0.96195, , 
4/08/2011,0.96195,0.96482,0.95698,0.96136, , 
5/08/2011,0.96136,0.98175,0.96136,0.98071, , 
8/08/2011,0.98071,0.98664,0.9744,0.984, , 
9/08/2011,0.984,0.99472,0.97837,0.99305, , 
10/08/2011,0.99305,1.00115,0.97686,0.98136, , 
11/08/2011,0.98136,0.99576,0.97957,0.9934, , 
12/08/2011,0.9934,0.997,0.98361,0.98688, , 
15/08/2011,0.98688,0.99202,0.98529,0.98838, , 
16/08/2011,0.98838,0.99074,0.97935,0.98155, , 
17/08/2011,0.98155,0.98737,0.98031,0.98335, , 
18/08/2011,0.98335,0.9848,0.97762,0.9809, , 
19/08/2011,0.9809,0.99395,0.98064,0.99237, , 
22/08/2011,0.99237,0.99239,0.98278,0.99043, , 
23/08/2011,0.99043,0.99099,0.98309,0.99048, , 
24/08/2011,0.99048,0.99112,0.98511,0.98816, , 
25/08/2011,0.98816,0.9907,0.98416,0.98778, , 
26/08/2011,0.98778,0.9889,0.9793,0.98737, , 
29/08/2011,0.98737,0.99256,0.9799,0.9808, , 
30/08/2011,0.9808,0.98203,0.97416,0.97688, , 
31/08/2011,0.97688,0.98185,0.97595,0.97848, , 
1/09/2011,0.97848,0.98027,0.97269,0.97862, , 
2/09/2011,0.97862,0.9798,0.97378,0.97635, , 
5/09/2011,0.97635,0.98755,0.97585,0.9871, , 
6/09/2011,0.9871,0.99347,0.98551,0.99137, , 
7/09/2011,0.99137,0.99674,0.98661,0.9894, , 
8/09/2011,0.9894,0.9915,0.98327,0.9848, , 
9/09/2011,0.9848,0.98997,0.98313,0.98929, , 
12/09/2011,0.98929,0.99859,0.98705,0.99785, , 
13/09/2011,0.99785,1.00279,0.99173,0.99335, , 
14/09/2011,0.99335,0.99783,0.98518,0.98683, , 
15/09/2011,0.98683,0.99419,0.98486,0.9904, , 
16/09/2011,0.9904,0.99518,0.98321,0.98447, , 
19/09/2011,0.98447,0.98628,0.97906,0.98207, , 
20/09/2011,0.98207,0.99433,0.98075,0.99215, , 
21/09/2011,0.99215,0.995,0.9884,0.99287, , 
22/09/2011,0.99287,1.00908,0.99188,1.00832, , 
23/09/2011,1.00832,1.0363,1.0082,1.02541, , 
26/09/2011,1.02541,1.03504,1.02261,1.0272, , 
27/09/2011,1.0272,1.0387,1.02427,1.02642, , 
28/09/2011,1.02642,1.02827,1.01454,1.02124, , 
29/09/2011,1.02124,1.0358,1.02067,1.03566, , 
30/09/2011,1.03566,1.04038,1.02577,1.03677, , 
3/10/2011,1.03677,1.05073,1.03575,1.04744, , 
4/10/2011,1.04744,1.05504,1.04339,1.05442, , 
5/10/2011,1.05442,1.06595,1.05104,1.05485, , 
6/10/2011,1.05485,1.05738,1.03978,1.04205, , 
7/10/2011,1.04205,1.04841,1.03718,1.03792, , 
10/10/2011,1.03792,1.042,1.02365,1.03711, , 
11/10/2011,1.03711,1.03725,1.0253,1.02757, , 
12/10/2011,1.02757,1.03401,1.02585,1.02987, , 
13/10/2011,1.02987,1.03301,1.01348,1.01757, , 
14/10/2011,1.01757,1.02743,1.01651,1.02221, , 
17/10/2011,1.02221,1.02362,1.00931,1.01064, , 
18/10/2011,1.01064,1.02443,1.00451,1.02236, , 
19/10/2011,1.02236,1.0265,1.01131,1.01508, , 
20/10/2011,1.01508,1.02183,1.00867,1.0185, , 
21/10/2011,1.0185,1.02481,1.01335,1.0161, , 
24/10/2011,1.0161,1.01894,1.00683,1.00844, , 
25/10/2011,1.00844,1.00934,1.00233,1.00345, , 
26/10/2011,1.00345,1.02143,0.99925,1.01659, , 
27/10/2011,1.01659,1.01787,1.00322,1.00327, , 
28/10/2011,1.00327,1.00439,0.98938,0.99112, , 
31/10/2011,0.99112,0.99717,0.98967,0.99392, , 
1/11/2011,0.99392,1.00293,0.99238,0.99907, , 
2/11/2011,0.99907,1.02247,0.9976,1.02097, , 
3/11/2011,1.02097,1.02196,1.01082,1.01861, , 
4/11/2011,1.01861,1.02182,1.00563,1.00804, , 
7/11/2011,1.00804,1.02299,1.00722,1.01726, , 
8/11/2011,1.01726,1.02059,1.01251,1.0142, , 
9/11/2011,1.0142,1.01834,1.00782,1.00942, , 
10/11/2011,1.00942,1.02511,1.00806,1.02396, , 
11/11/2011,1.02396,1.02677,1.01643,1.01674, , 
14/11/2011,1.01674,1.02336,1.00839,1.00938, , 
15/11/2011,1.00938,1.0196,1.00938,1.01703, , 
16/11/2011,1.01703,1.02643,1.01603,1.02274, , 
17/11/2011,1.02274,1.02893,1.0174,1.02533, , 
18/11/2011,1.02533,1.02968,1.02097,1.02959, , 
21/11/2011,1.02959,1.03033,1.02008,1.02827, , 
22/11/2011,1.02827,1.04203,1.02822,1.03949, , 
23/11/2011,1.03949,1.04139,1.03477,1.03821, , 
24/11/2011,1.03821,1.04988,1.03821,1.04815, , 
25/11/2011,1.04815,1.0493,1.04398,1.04844, , 
28/11/2011,1.04844,1.05249,1.04063,1.04129, , 
29/11/2011,1.04129,1.04327,1.03057,1.03553, , 
30/11/2011,1.03553,1.03657,1.02602,1.03241, , 
1/12/2011,1.03241,1.03649,1.01251,1.01837, , 
2/12/2011,1.01837,1.02243,1.01379,1.01428, , 
5/12/2011,1.01428,1.01967,1.00812,1.01727, , 
6/12/2011,1.01727,1.0195,1.01223,1.01741, , 
7/12/2011,1.01741,1.02085,1.00867,1.0094, , 
8/12/2011,1.0094,1.01342,1.00669,1.00994, , 
9/12/2011,1.00994,1.02407,1.00532,1.02283, , 
12/12/2011,1.02283,1.0264,1.01725,1.01882, , 
13/12/2011,1.01882,1.02867,1.01865,1.02796, , 
14/12/2011,1.02796,1.03505,1.02332,1.03454, , 
15/12/2011,1.03454,1.0425,1.03287,1.03913, , 
16/12/2011,1.03913,1.04068,1.03214,1.03371, , 
19/12/2011,1.03371,1.04083,1.02995,1.03873, , 
20/12/2011,1.03873,1.04168,1.0336,1.03814, , 
21/12/2011,1.03814,1.03827,1.02647,1.02879, , 
22/12/2011,1.02879,1.03077,1.02106,1.02783, , 
23/12/2011,1.02783,1.02829,1.02031,1.02136, , 
26/12/2011,1.02136,1.02235,1.01825,1.02231, , 
27/12/2011,1.02231,1.02399,1.01811,1.01923, , 
28/12/2011,1.01923,1.02178,1.01803,1.01968, , 
29/12/2011,1.01968,1.02613,1.01279,1.02576, , 
30/12/2011,1.02576,1.0271,1.0201,1.02069, , 
2/01/2012,1.02069,1.02225,1.01593,1.0222, , 
3/01/2012,1.0222,1.02228,1.01674,1.01697, , 
4/01/2012,1.01697,1.018,1.00779,1.01155, , 
5/01/2012,1.01155,1.01636,1.01099,1.01381, , 
6/01/2012,1.01381,1.02272,1.01225,1.01984, , 
9/01/2012,1.01984,1.03044,1.01716,1.02936, , 
10/01/2012,1.02936,1.03209,1.0227,1.02274, , 
11/01/2012,1.02274,1.02295,1.01558,1.01728, , 
12/01/2012,1.01728,1.02118,1.0141,1.01835, , 
13/01/2012,1.01835,1.02125,1.01417,1.01845, , 
16/01/2012,1.01845,1.02851,1.01648,1.02461, , 
17/01/2012,1.02461,1.02545,1.01667,1.01792, , 
18/01/2012,1.01792,1.01792,1.01141,1.01489, , 
19/01/2012,1.01489,1.0179,1.01105,1.0118, , 
20/01/2012,1.0118,1.01296,1.00723,1.01206, , 
23/01/2012,1.01206,1.01652,1.01179,1.01533, , 
24/01/2012,1.01533,1.01613,1.00537,1.0075, , 
25/01/2012,1.0075,1.01423,1.00737,1.00931, , 
26/01/2012,1.00931,1.01492,1.00297,1.00471, , 
27/01/2012,1.00471,1.00506,0.99828,1.00294, , 
30/01/2012,1.00294,1.00426,0.99894,1.0015, , 
31/01/2012,1.0015,1.00717,1.0015,1.00237, , 
1/02/2012,1.00237,1.00548,0.99665,1.00364, , 
2/02/2012,1.00364,1.00497,0.99649,0.99779, , 
3/02/2012,0.99779,1.00117,0.99698,0.99971, , 
6/02/2012,0.99971,1.00346,0.99293,0.99338, , 
7/02/2012,0.99338,0.99948,0.99302,0.99665, , 
8/02/2012,0.99665,0.99964,0.99423,0.99552, , 
9/02/2012,0.99552,0.99917,0.99363,0.99661, , 
10/02/2012,0.99661,0.9982,0.99265,0.99574, , 
13/02/2012,0.99574,1.004,0.99537,1.00042, , 
14/02/2012,1.00042,1.00148,0.99732,1.00139, , 
15/02/2012,1.00139,1.00285,0.99803,0.99895, , 
16/02/2012,0.99895,1.00073,0.99398,1.00064, , 
17/02/2012,1.00064,1.00526,0.99548,0.99709, , 
20/02/2012,0.99709,0.99856,0.9915,0.99279, , 
21/02/2012,0.99279,0.99591,0.9908,0.99476, , 
22/02/2012,0.99476,0.99773,0.99259,0.9968, , 
23/02/2012,0.9968,1.00209,0.99559,0.99959, , 
24/02/2012,0.99959,1.0012,0.99548,0.9976, , 
27/02/2012,0.9976,1.00047,0.99677,0.99988, , 
28/02/2012,0.99988,1.00506,0.99775,0.99813, , 
29/02/2012,0.99813,0.99872,0.99413,0.99421, , 
1/03/2012,0.99421,0.99448,0.98452,0.98867, , 
2/03/2012,0.98867,0.99018,0.98436,0.98543, , 
5/03/2012,0.98543,0.99099,0.98502,0.98964, , 
6/03/2012,0.98964,0.99612,0.98912,0.99413, , 
7/03/2012,0.99413,1.00297,0.99386,1.00162, , 
8/03/2012,1.00162,1.00264,0.99754,0.99851, , 
9/03/2012,0.99851,0.99923,0.98946,0.99072, , 
12/03/2012,0.99072,0.99391,0.9874,0.99063, , 
13/03/2012,0.99063,0.99487,0.99001,0.99171, , 
14/03/2012,0.99171,0.99278,0.98828,0.98856, , 
15/03/2012,0.98856,0.9946,0.98845,0.99422, , 
16/03/2012,0.99422,0.99507,0.99072,0.99257, , 
19/03/2012,0.99257,0.99422,0.99021,0.99117, , 
20/03/2012,0.99117,0.99321,0.9862,0.98792, , 
21/03/2012,0.98792,0.99701,0.98723,0.99125, , 
22/03/2012,0.99125,0.99366,0.98766,0.99214, , 
23/03/2012,0.99214,1.00096,0.99138,0.99889, , 
26/03/2012,0.99889,1.00356,0.99673,0.99681, , 
27/03/2012,0.99681,1.00007,0.99088,0.99162, , 
28/03/2012,0.99162,0.99612,0.99021,0.99589, , 
29/03/2012,0.99589,1.00018,0.9948,0.99807, , 
30/03/2012,0.99807,1.00201,0.9964,0.99699, , 
2/04/2012,0.99699,1.00004,0.99521,0.99668, , 
3/04/2012,0.99668,0.99919,0.98901,0.99032, , 
4/04/2012,0.99032,0.99302,0.98895,0.99137, , 
5/04/2012,0.99137,0.99751,0.99105,0.99665, , 
6/04/2012,0.99665,0.99997,0.99088,0.99324, , 
9/04/2012,0.99324,0.99878,0.99187,0.99722, , 
10/04/2012,0.99722,1.00032,0.99592,0.99674, , 
11/04/2012,0.99674,1.0051,0.99523,1.00508, , 
12/04/2012,1.00508,1.00541,1.00103,1.00361, , 
13/04/2012,1.00361,1.00383,0.99421,0.9948, , 
16/04/2012,0.9948,1.00004,0.9928,0.99911, , 
17/04/2012,0.99911,1.0034,0.99754,0.99993, , 
18/04/2012,0.99993,1.00131,0.98666,0.98915, , 
19/04/2012,0.98915,0.99252,0.98835,0.99126, , 
20/04/2012,0.99126,0.99652,0.98815,0.9947, , 
23/04/2012,0.9947,0.99605,0.98983,0.99343, , 
24/04/2012,0.99343,0.99801,0.99072,0.99135, , 
25/04/2012,0.99135,0.99296,0.98695,0.98705, , 
26/04/2012,0.98705,0.98818,0.98248,0.98295, , 
27/04/2012,0.98295,0.98664,0.98078,0.98602, , 
30/04/2012,0.98602,0.98715,0.98016,0.98118, , 
1/05/2012,0.98118,0.98954,0.98058,0.98789, , 
2/05/2012,0.98789,0.98991,0.98342,0.98581, , 
3/05/2012,0.98581,0.99051,0.98508,0.98678, , 
4/05/2012,0.98678,0.98936,0.98299,0.9882, , 
7/05/2012,0.9882,0.99853,0.98627,0.99837, , 
8/05/2012,0.99837,0.99881,0.99254,0.99281, , 
9/05/2012,0.99281,1.00239,0.9928,0.9998, , 
10/05/2012,0.9998,1.00644,0.99912,1.00221, , 
11/05/2012,1.00221,1.00362,0.99785,1.00331, , 
14/05/2012,1.00331,1.00562,0.99553,1.00053, , 
15/05/2012,1.00053,1.00542,0.99937,1.0023, , 
16/05/2012,1.0023,1.00756,0.99911,1.00721, , 
17/05/2012,1.00721,1.01333,1.00554,1.01203, , 
18/05/2012,1.01203,1.0204,1.01062,1.01931, , 
21/05/2012,1.01931,1.02315,1.01399,1.02157, , 
22/05/2012,1.02157,1.02475,1.01661,1.01798, , 
23/05/2012,1.01798,1.0236,1.01534,1.02234, , 
24/05/2012,1.02234,1.02974,1.02094,1.02619, , 
25/05/2012,1.02619,1.02973,1.02275,1.02675, , 
28/05/2012,1.02675,1.03136,1.02481,1.02615, , 
29/05/2012,1.02615,1.02681,1.02249,1.02576, , 
30/05/2012,1.02576,1.02714,1.02082,1.02398, , 
31/05/2012,1.02398,1.03125,1.02332,1.03031, , 
1/06/2012,1.03031,1.03674,1.02631,1.03339, , 
4/06/2012,1.03339,1.0446,1.03338,1.04426, , 
5/06/2012,1.04426,1.04481,1.03705,1.03801, , 
6/06/2012,1.03801,1.04272,1.03625,1.03702, , 
7/06/2012,1.03702,1.03742,1.02727,1.02852, , 
8/06/2012,1.02852,1.02971,1.02117,1.02746, , 
11/06/2012,1.02746,1.03562,1.02163,1.02207, , 
12/06/2012,1.02207,1.03278,1.02027,1.03136, , 
13/06/2012,1.03136,1.03182,1.02525,1.02675, , 
14/06/2012,1.02675,1.0308,1.02428,1.02888, , 
15/06/2012,1.02888,1.02958,1.02262,1.02368, , 
18/06/2012,1.02368,1.02574,1.01968,1.0206, , 
19/06/2012,1.0206,1.02804,1.01937,1.02256, , 
20/06/2012,1.02256,1.02451,1.01681,1.01817, , 
21/06/2012,1.01817,1.02335,1.01605,1.01986, , 
22/06/2012,1.01986,1.03014,1.01774,1.02885, , 
25/06/2012,1.02885,1.03016,1.02433,1.02674, , 
26/06/2012,1.02674,1.03191,1.02585,1.02913, , 
27/06/2012,1.02913,1.02979,1.02346,1.02472, , 
28/06/2012,1.02472,1.02688,1.02393,1.02527, , 
29/06/2012,1.02527,1.03639,1.02339,1.03392, , 
2/07/2012,1.03392,1.03417,1.01628,1.01823, , 
3/07/2012,1.01823,1.02028,1.01571,1.01734, , 
4/07/2012,1.01734,1.01734,1.01222,1.01233, , 
5/07/2012,1.01233,1.01433,1.01226,1.01363, , 
6/07/2012,1.01363,1.01585,1.01021,1.01437, , 
9/07/2012,1.01437,1.02167,1.0139,1.01997, , 
10/07/2012,1.01997,1.02225,1.01845,1.01951, , 
11/07/2012,1.01951,1.02322,1.01673,1.02253, , 
12/07/2012,1.02253,1.02327,1.01744,1.01947, , 
13/07/2012,1.01947,1.0251,1.01784,1.02047, , 
16/07/2012,1.02047,1.02047,1.01309,1.01417, , 
17/07/2012,1.01417,1.01724,1.01402,1.01496, , 
18/07/2012,1.01496,1.01707,1.01204,1.01221, , 
19/07/2012,1.01221,1.01505,1.00991,1.01017, , 
20/07/2012,1.01017,1.0108,1.00671,1.00795, , 
23/07/2012,1.00795,1.01504,1.00705,1.01428, , 
24/07/2012,1.01428,1.02056,1.01428,1.01835, , 
25/07/2012,1.01835,1.02286,1.01592,1.02285, , 
26/07/2012,1.02285,1.02334,1.01408,1.0161, , 
27/07/2012,1.0161,1.01679,1.00644,1.01021, , 
30/07/2012,1.01021,1.01075,1.00335,1.00433, , 
31/07/2012,1.00433,1.00547,1.00147,1.00165, , 
1/08/2012,1.00165,1.00442,1.0004,1.00351, , 
2/08/2012,1.00351,1.00609,1.00053,1.00501, , 
3/08/2012,1.00501,1.00861,1.00035,1.00746, , 
6/08/2012,1.00746,1.00776,0.99813,1.00081, , 
7/08/2012,1.00081,1.00218,0.99848,1.00082, , 
8/08/2012,1.00082,1.00134,0.9964,0.99762, , 
9/08/2012,0.99762,0.99902,0.99379,0.99519, , 
10/08/2012,0.99519,0.99519,0.99126,0.99188, , 
13/08/2012,0.99188,0.99727,0.99077,0.99188, , 
14/08/2012,0.99188,0.99413,0.99065,0.99301, , 
15/08/2012,0.99301,0.99422,0.9908,0.99227, , 
16/08/2012,0.99227,0.99362,0.98877,0.98957, , 
17/08/2012,0.98957,0.99014,0.98614,0.98676, , 
20/08/2012,0.98676,0.99031,0.9865,0.98884, , 
21/08/2012,0.98884,0.99029,0.98768,0.98887, , 
22/08/2012,0.98887,0.99011,0.98437,0.98988, , 
23/08/2012,0.98988,0.99484,0.98987,0.99084, , 
24/08/2012,0.99084,0.99499,0.98865,0.99421, , 
27/08/2012,0.99421,0.99489,0.99059,0.99237, , 
28/08/2012,0.99237,0.99252,0.98916,0.99065, , 
29/08/2012,0.99065,0.99192,0.98438,0.98832, , 
30/08/2012,0.98832,0.99002,0.98676,0.98983, , 
31/08/2012,0.98983,0.99329,0.98953,0.99304, , 
3/09/2012,0.99304,0.99321,0.98531,0.98655, , 
4/09/2012,0.98655,0.98794,0.98533,0.98643, , 
5/09/2012,0.98643,0.98762,0.98442,0.98703, , 
6/09/2012,0.98703,0.99198,0.98591,0.99095, , 
7/09/2012,0.99095,0.99161,0.98102,0.98307, , 
10/09/2012,0.98307,0.98335,0.97668,0.97851, , 
11/09/2012,0.97851,0.97901,0.97561,0.97703, , 
12/09/2012,0.97703,0.97751,0.97145,0.97366, , 
13/09/2012,0.97366,0.97696,0.97163,0.97628, , 
14/09/2012,0.97628,0.97751,0.96668,0.96859, , 
17/09/2012,0.96859,0.97238,0.96343,0.97183, , 
18/09/2012,0.97183,0.97616,0.96949,0.97479, , 
19/09/2012,0.97479,0.97672,0.97321,0.9752, , 
20/09/2012,0.9752,0.97654,0.9727,0.97523, , 
21/09/2012,0.97523,0.98179,0.97514,0.97632, , 
24/09/2012,0.97632,0.97828,0.9733,0.9779, , 
25/09/2012,0.9779,0.98195,0.97779,0.97849, , 
26/09/2012,0.97849,0.98161,0.97577,0.98134, , 
27/09/2012,0.98134,0.98614,0.9802,0.98459, , 
28/09/2012,0.98459,0.98551,0.9793,0.98102, , 
1/10/2012,0.98102,0.98542,0.97827,0.98479, , 
2/10/2012,0.98479,0.98555,0.97993,0.98213, , 
3/10/2012,0.98213,0.98463,0.98129,0.98441, , 
4/10/2012,0.98441,0.98859,0.98423,0.98696, , 
5/10/2012,0.98696,0.98783,0.98013,0.98119, , 
8/10/2012,0.98119,0.98133,0.97364,0.97768, , 
9/10/2012,0.97768,0.98019,0.97528,0.9764, , 
10/10/2012,0.9764,0.98089,0.9746,0.97967, , 
11/10/2012,0.97967,0.98315,0.97699,0.98229, , 
12/10/2012,0.98229,0.98361,0.97648,0.97853, , 
15/10/2012,0.97853,0.98101,0.97695,0.98052, , 
16/10/2012,0.98052,0.98199,0.97705,0.98126, , 
17/10/2012,0.98126,0.98797,0.98036,0.9862, , 
18/10/2012,0.9862,0.98726,0.97738,0.97859, , 
19/10/2012,0.97859,0.98608,0.97657,0.985, , 
22/10/2012,0.985,0.99583,0.98471,0.99449, , 
23/10/2012,0.99449,0.99655,0.9918,0.99233, , 
24/10/2012,0.99233,0.99771,0.99021,0.99275, , 
25/10/2012,0.99275,0.99596,0.98901,0.99451, , 
26/10/2012,0.99451,0.99567,0.99035,0.99526, , 
29/10/2012,0.99526,0.99967,0.99435,0.99945, , 
30/10/2012,0.99945,1.00151,0.99813,1.00107, , 
31/10/2012,1.00107,1.00207,0.9985,0.99989, , 
1/11/2012,0.99989,1.00153,0.99616,1.00017, , 
2/11/2012,1.00017,1.00147,0.99613,0.99662, , 
5/11/2012,0.99662,0.99861,0.99231,0.99597, , 
6/11/2012,0.99597,0.99784,0.99421,0.99609, , 
7/11/2012,0.99609,0.9969,0.99126,0.99227, , 
8/11/2012,0.99227,0.99845,0.98759,0.99675, , 
9/11/2012,0.99675,1.0008,0.99488,1.00061, , 
12/11/2012,1.00061,1.00346,0.99843,1.00029, , 
13/11/2012,1.00029,1.00079,0.99865,1.00013, , 
14/11/2012,1.00013,1.00366,0.99926,1.00186, , 
15/11/2012,1.00186,1.00442,0.99996,1.00413, , 
16/11/2012,1.00413,1.00432,1.00052,1.00081, , 
19/11/2012,1.00081,1.00582,0.99983,1.00038, , 
20/11/2012,1.00038,1.0019,0.99557,0.99713, , 
21/11/2012,0.99713,0.9992,0.9957,0.99703, , 
22/11/2012,0.99703,0.99932,0.9959,0.99615, , 
23/11/2012,0.99615,0.99835,0.9954,0.99785, , 
26/11/2012,0.99785,0.9983,0.99163,0.99343, , 
27/11/2012,0.99343,0.99613,0.99189,0.99304, , 
28/11/2012,0.99304,0.99524,0.99072,0.99446, , 
29/11/2012,0.99446,0.99622,0.9919,0.99222, , 
30/11/2012,0.99222,0.99402,0.99131,0.99318, , 
3/12/2012,0.99318,0.9954,0.9923,0.99397, , 
4/12/2012,0.99397,0.99569,0.9916,0.99459, , 
5/12/2012,0.99459,0.99556,0.99165,0.9932, , 
6/12/2012,0.9932,0.99426,0.99095,0.99207, , 
7/12/2012,0.99207,0.9928,0.98935,0.99159, , 
10/12/2012,0.99159,0.99348,0.98669,0.98692, , 
11/12/2012,0.98692,0.98895,0.98637,0.98667, , 
12/12/2012,0.98667,0.98815,0.98588,0.98616, , 
13/12/2012,0.98616,0.9867,0.98276,0.9849, , 
14/12/2012,0.9849,0.98569,0.98263,0.98447, , 
17/12/2012,0.98447,0.98703,0.98337,0.98595, , 
18/12/2012,0.98595,0.98828,0.98347,0.98398, , 
19/12/2012,0.98398,0.98652,0.9834,0.98633, , 
20/12/2012,0.98633,0.98934,0.98509,0.989, , 
21/12/2012,0.989,0.9898,0.98708,0.98784, , 
24/12/2012,0.98784,0.99544,0.98771,0.99385, , 
26/12/2012,0.99385,0.99466,0.99134,0.99152, , 
27/12/2012,0.99152,0.99524,0.99146,0.99405, , 
28/12/2012,0.99405,0.99601,0.99099,0.99533, , 
31/12/2012,0.99533,0.99742,0.99402,0.99478, , 
2/01/2013,0.99478,0.99731,0.99332,0.99479, , 
3/01/2013,0.99479,0.99479,0.98376,0.9859, , 
4/01/2013,0.9859,0.98897,0.98443,0.98858, , 
7/01/2013,0.98858,0.99247,0.98495,0.98635, , 
8/01/2013,0.98635,0.98862,0.9855,0.98606, , 
9/01/2013,0.98606,0.98837,0.98446,0.9868, , 
10/01/2013,0.9868,0.9882,0.98565,0.98785, , 
11/01/2013,0.98785,0.98817,0.98295,0.98333, , 
14/01/2013,0.98333,0.9856,0.98169,0.98473, , 
15/01/2013,0.98473,0.98674,0.98332,0.98374, , 
16/01/2013,0.98374,0.98681,0.98333,0.98424, , 
17/01/2013,0.98424,0.98785,0.98393,0.98641, , 
18/01/2013,0.98641,0.98868,0.98447,0.98611, , 
21/01/2013,0.98611,0.99478,0.9856,0.99231, , 
22/01/2013,0.99231,0.99402,0.99114,0.99308, , 
23/01/2013,0.99308,0.99469,0.99104,0.99221, , 
24/01/2013,0.99221,1.00056,0.99051,1.0001, , 
25/01/2013,1.0001,1.00373,0.99921,1.00259, , 
28/01/2013,1.00259,1.01011,1.00238,1.00829, , 
29/01/2013,1.00829,1.01012,1.0059,1.00626, , 
30/01/2013,1.00626,1.00675,1.00094,1.0016, , 
31/01/2013,1.0016,1.00544,1.001,1.00246, , 
1/02/2013,1.00246,1.00358,0.99589,0.99693, , 
4/02/2013,0.99693,1.00055,0.99662,0.99724, , 
5/02/2013,0.99724,0.99944,0.99493,0.99797, , 
6/02/2013,0.99797,0.99961,0.99507,0.99567, , 
7/02/2013,0.99567,0.99898,0.99527,0.99587, , 
8/02/2013,0.99587,0.99958,0.99342,0.99809, , 
11/02/2013,0.99809,1.00388,0.99724,1.00388, , 
12/02/2013,1.00388,1.00851,1.00341,1.00556, , 
13/02/2013,1.00556,1.00882,1.00157,1.00192, , 
14/02/2013,1.00192,1.0045,1.0014,1.0015, , 
15/02/2013,1.0015,1.00253,1.00009,1.00124, , 
18/02/2013,1.00124,1.00835,1.00038,1.0076, , 
19/02/2013,1.0076,1.01225,1.0059,1.01092, , 
20/02/2013,1.01092,1.01387,1.01036,1.01208, , 
21/02/2013,1.01208,1.01867,1.01112,1.01754, , 
22/02/2013,1.01754,1.02089,1.01674,1.01788, , 
25/02/2013,1.01788,1.02573,1.01608,1.02251, , 
26/02/2013,1.02251,1.02789,1.02231,1.02588, , 
27/02/2013,1.02588,1.03043,1.0242,1.02576, , 
28/02/2013,1.02576,1.02783,1.02295,1.02332, , 
1/03/2013,1.02332,1.03146,1.0218,1.03084, , 
4/03/2013,1.03084,1.03431,1.02637,1.02736, , 
5/03/2013,1.02736,1.03109,1.02676,1.02681, , 
6/03/2013,1.02681,1.02947,1.02575,1.02695, , 
7/03/2013,1.02695,1.03382,1.02564,1.03254, , 
8/03/2013,1.03254,1.0331,1.02864,1.02976, , 
11/03/2013,1.02976,1.0316,1.02353,1.02863, , 
12/03/2013,1.02863,1.02958,1.02561,1.02678, , 
13/03/2013,1.02678,1.02849,1.02502,1.02614, , 
14/03/2013,1.02614,1.02964,1.02476,1.02806, , 
15/03/2013,1.02806,1.02845,1.02131,1.02226, , 
18/03/2013,1.02226,1.02356,1.01819,1.02356, , 
19/03/2013,1.02356,1.02519,1.02052,1.02251, , 
20/03/2013,1.02251,1.02855,1.02169,1.02707, , 
21/03/2013,1.02707,1.02772,1.02397,1.02586, , 
22/03/2013,1.02586,1.02595,1.02019,1.0246, , 
25/03/2013,1.0246,1.02655,1.02216,1.02254, , 
26/03/2013,1.02254,1.02338,1.0189,1.02173, , 
27/03/2013,1.02173,1.02173,1.01603,1.01677, , 
28/03/2013,1.01677,1.01966,1.01514,1.01648, , 
29/03/2013,1.01648,1.01751,1.01472,1.01612, , 
1/04/2013,1.01612,1.01848,1.01589,1.0173, , 
2/04/2013,1.0173,1.01839,1.0162,1.01686, , 
3/04/2013,1.01686,1.01686,1.01264,1.01442, , 
4/04/2013,1.01442,1.01562,1.01264,1.01433, , 
5/04/2013,1.01433,1.0168,1.01059,1.0132, , 
8/04/2013,1.0132,1.02369,1.01278,1.01719, , 
9/04/2013,1.01719,1.02154,1.01574,1.01677, , 
10/04/2013,1.01677,1.01765,1.01355,1.0162, , 
11/04/2013,1.0162,1.01695,1.01408,1.0151, , 
12/04/2013,1.0151,1.01583,1.00845,1.01038, , 
15/04/2013,1.01038,1.01507,1.00958,1.01495, , 
16/04/2013,1.01495,1.02605,1.01351,1.02345, , 
17/04/2013,1.02345,1.02588,1.02047,1.02202, , 
18/04/2013,1.02202,1.02952,1.02182,1.02634, , 
19/04/2013,1.02634,1.02785,1.02315,1.02585, , 
22/04/2013,1.02585,1.02709,1.02332,1.02591, , 
23/04/2013,1.02591,1.02868,1.02491,1.02577, , 
24/04/2013,1.02577,1.0286,1.02519,1.02727, , 
25/04/2013,1.02727,1.02797,1.02481,1.02543, , 
26/04/2013,1.02543,1.0257,1.01869,1.02063, , 
29/04/2013,1.02063,1.02155,1.01589,1.01659, , 
30/04/2013,1.01659,1.01703,1.01092,1.01198, , 
1/05/2013,1.01198,1.01246,1.00545,1.00693, , 
2/05/2013,1.00693,1.01011,1.00527,1.00766, , 
3/05/2013,1.00766,1.01115,1.00606,1.01076, , 
6/05/2013,1.01076,1.01333,1.00737,1.0085, , 
7/05/2013,1.0085,1.00972,1.0066,1.00697, , 
8/05/2013,1.00697,1.00838,1.00378,1.00535, , 
9/05/2013,1.00535,1.00599,1.00189,1.00294, , 
10/05/2013,1.00294,1.00909,1.00149,1.00727, , 
13/05/2013,1.00727,1.01534,1.00651,1.01221, , 
14/05/2013,1.01221,1.01339,1.00834,1.01048, , 
15/05/2013,1.01048,1.019,1.0091,1.01839, , 
16/05/2013,1.01839,1.02203,1.01533,1.01588, , 
17/05/2013,1.01588,1.02085,1.01502,1.01877, , 
20/05/2013,1.01877,1.03144,1.0186,1.02864, , 
21/05/2013,1.02864,1.02972,1.02183,1.02465, , 
22/05/2013,1.02465,1.03224,1.02439,1.02643, , 
23/05/2013,1.02643,1.03889,1.02521,1.03782, , 
24/05/2013,1.03782,1.03945,1.02871,1.03223, , 
27/05/2013,1.03223,1.03567,1.0312,1.03223, , 
28/05/2013,1.03223,1.03472,1.03145,1.03469, , 
29/05/2013,1.03469,1.04157,1.03257,1.04094, , 
30/05/2013,1.04094,1.04213,1.03451,1.03506, , 
31/05/2013,1.03506,1.03892,1.02968,1.03054, , 
3/06/2013,1.03054,1.03824,1.03003,1.03627, , 
4/06/2013,1.03627,1.0376,1.02629,1.02868, , 
5/06/2013,1.02868,1.03628,1.0279,1.03528, , 
6/06/2013,1.03528,1.03811,1.03285,1.03473, , 
7/06/2013,1.03473,1.03686,1.01991,1.02799, , 
10/06/2013,1.02799,1.02892,1.01681,1.02108, , 
11/06/2013,1.02108,1.02168,1.01695,1.01993, , 
12/06/2013,1.01993,1.02526,1.01766,1.01909, , 
13/06/2013,1.01909,1.02185,1.01567,1.02079, , 
14/06/2013,1.02079,1.02273,1.01491,1.01687, , 
17/06/2013,1.01687,1.01881,1.01384,1.01632, , 
18/06/2013,1.01632,1.02066,1.01511,1.01874, , 
19/06/2013,1.01874,1.02258,1.01782,1.02245, , 
20/06/2013,1.02245,1.0288,1.01751,1.02827, , 
21/06/2013,1.02827,1.03952,1.02728,1.03791, , 
24/06/2013,1.03791,1.04899,1.03642,1.04823, , 
25/06/2013,1.04823,1.05575,1.04714,1.05028, , 
26/06/2013,1.05028,1.05488,1.0459,1.05265, , 
27/06/2013,1.05265,1.05285,1.0459,1.04696, , 
28/06/2013,1.04696,1.05055,1.04255,1.04877, , 
1/07/2013,1.04877,1.05547,1.04554,1.05227, , 
2/07/2013,1.05227,1.05353,1.04885,1.05021, , 
3/07/2013,1.05021,1.05792,1.04987,1.05525, , 
4/07/2013,1.05525,1.05659,1.04999,1.05015, , 
5/07/2013,1.05015,1.05587,1.04729,1.05228, , 
8/07/2013,1.05228,1.06105,1.05124,1.05814, , 
9/07/2013,1.05814,1.05868,1.05477,1.05658, , 
10/07/2013,1.05658,1.05757,1.05147,1.05375, , 
11/07/2013,1.05375,1.05415,1.03771,1.03999, , 
12/07/2013,1.03999,1.04374,1.03276,1.03765, , 
15/07/2013,1.03765,1.04058,1.03607,1.03905, , 
16/07/2013,1.03905,1.04426,1.03815,1.04382, , 
17/07/2013,1.04382,1.04436,1.03649,1.03812, , 
18/07/2013,1.03812,1.04469,1.03568,1.04063, , 
19/07/2013,1.04063,1.04406,1.03754,1.03796, , 
22/07/2013,1.03796,1.03945,1.03553,1.03553, , 
23/07/2013,1.03553,1.0365,1.03226,1.03352, , 
24/07/2013,1.03352,1.03503,1.02787,1.02932, , 
25/07/2013,1.02932,1.03263,1.02636,1.03191, , 
26/07/2013,1.03191,1.03196,1.02564,1.02894, , 
29/07/2013,1.02894,1.03041,1.02634,1.02726, , 
30/07/2013,1.02726,1.02846,1.02541,1.02647, , 
31/07/2013,1.02647,1.03117,1.02594,1.03018, , 
1/08/2013,1.03018,1.03379,1.02473,1.02847, , 
2/08/2013,1.02847,1.03524,1.02667,1.03483, , 
5/08/2013,1.03483,1.04038,1.03397,1.03883, , 
6/08/2013,1.03883,1.04047,1.03594,1.03604, , 
7/08/2013,1.03604,1.03918,1.03497,1.03762, , 
8/08/2013,1.03762,1.04464,1.03757,1.04249, , 
9/08/2013,1.04249,1.04327,1.03048,1.03301, , 
12/08/2013,1.03301,1.03539,1.02762,1.02887, , 
13/08/2013,1.02887,1.03176,1.0282,1.03142, , 
14/08/2013,1.03142,1.03497,1.0305,1.03478, , 
15/08/2013,1.03478,1.03709,1.03198,1.03332, , 
16/08/2013,1.03332,1.03655,1.03011,1.03038, , 
19/08/2013,1.03038,1.03616,1.02948,1.03351, , 
20/08/2013,1.03351,1.03496,1.03172,1.03448, , 
21/08/2013,1.03448,1.04027,1.03446,1.03976, , 
22/08/2013,1.03976,1.04876,1.03976,1.04862, , 
23/08/2013,1.04862,1.05314,1.04722,1.05187, , 
26/08/2013,1.05187,1.05704,1.0497,1.05058, , 
27/08/2013,1.05058,1.05347,1.04986,1.05027, , 
28/08/2013,1.05027,1.05411,1.04733,1.04923, , 
29/08/2013,1.04923,1.05125,1.04756,1.04952, , 
30/08/2013,1.04952,1.05424,1.04812,1.05398, , 
2/09/2013,1.05398,1.05591,1.05102,1.05383, , 
3/09/2013,1.05383,1.05593,1.05179,1.0554, , 
4/09/2013,1.0554,1.05611,1.05104,1.0537, , 
5/09/2013,1.0537,1.05437,1.04767,1.04974, , 
6/09/2013,1.04974,1.05173,1.0477,1.05017, , 
9/09/2013,1.05017,1.05026,1.03824,1.04155, , 
10/09/2013,1.04155,1.04155,1.0361,1.03743, , 
11/09/2013,1.03743,1.03811,1.03317,1.0355, , 
12/09/2013,1.0355,1.03663,1.0311,1.03117, , 
13/09/2013,1.03117,1.03372,1.03073,1.03252, , 
16/09/2013,1.03252,1.03582,1.0306,1.03134, , 
17/09/2013,1.03134,1.03279,1.02838,1.03202, , 
18/09/2013,1.03202,1.0336,1.02758,1.0299, , 
19/09/2013,1.0299,1.03193,1.02028,1.02249, , 
20/09/2013,1.02249,1.02715,1.01835,1.02678, , 
23/09/2013,1.02678,1.03133,1.02645,1.0301, , 
24/09/2013,1.0301,1.03072,1.02758,1.02873, , 
25/09/2013,1.02873,1.03121,1.02724,1.03091, , 
26/09/2013,1.03091,1.03246,1.02874,1.03243, , 
27/09/2013,1.03243,1.03417,1.03041,1.03132, , 
30/09/2013,1.03132,1.03332,1.02994,1.03156, , 
1/10/2013,1.03156,1.03269,1.02764,1.03268, , 
2/10/2013,1.03268,1.03421,1.0289,1.03394, , 
3/10/2013,1.03394,1.03575,1.03252,1.03276, , 
4/10/2013,1.03276,1.03409,1.03141,1.03288, , 
7/10/2013,1.03288,1.03416,1.02915,1.03008, , 
8/10/2013,1.03008,1.03347,1.02978,1.03154, , 
9/10/2013,1.03154,1.03748,1.03085,1.03597, , 
10/10/2013,1.03597,1.04085,1.03588,1.03942, , 
11/10/2013,1.03942,1.04208,1.03729,1.0411, , 
14/10/2013,1.0411,1.04137,1.03416,1.0367, , 
15/10/2013,1.0367,1.03713,1.03434,1.03531, , 
16/10/2013,1.03531,1.03923,1.03329,1.03705, , 
17/10/2013,1.03705,1.0385,1.03271,1.03302, , 
18/10/2013,1.03302,1.03327,1.0282,1.03006, , 
21/10/2013,1.03006,1.03052,1.02782,1.02965, , 
22/10/2013,1.02965,1.03107,1.02907,1.03106, , 
23/10/2013,1.03106,1.03111,1.02721,1.0293, , 
24/10/2013,1.0293,1.0398,1.02839,1.03825, , 
25/10/2013,1.03825,1.04387,1.03673,1.0421, , 
28/10/2013,1.0421,1.0462,1.04119,1.04441, , 
29/10/2013,1.04441,1.04526,1.04303,1.04469, , 
30/10/2013,1.04469,1.04724,1.04286,1.04712, , 
31/10/2013,1.04712,1.0498,1.0442,1.048, , 
1/11/2013,1.048,1.04912,1.04136,1.04331, , 
4/11/2013,1.04331,1.04551,1.0413,1.04179, , 
5/11/2013,1.04179,1.04297,1.03991,1.04227, , 
6/11/2013,1.04227,1.04628,1.04181,1.04526, , 
7/11/2013,1.04526,1.04605,1.04127,1.04216, , 
8/11/2013,1.04216,1.04647,1.04069,1.04552, , 
11/11/2013,1.04552,1.05045,1.0447,1.04863, , 
12/11/2013,1.04863,1.04865,1.04667,1.04718, , 
13/11/2013,1.04718,1.05096,1.04649,1.0494, , 
14/11/2013,1.0494,1.04976,1.04468,1.04507, , 
15/11/2013,1.04507,1.05271,1.04416,1.04718, , 
18/11/2013,1.04718,1.04857,1.04372,1.04409, , 
19/11/2013,1.04409,1.04435,1.04161,1.04339, , 
20/11/2013,1.04339,1.04866,1.04166,1.04574, , 
21/11/2013,1.04574,1.04753,1.04373,1.04583, , 
22/11/2013,1.04583,1.05277,1.04568,1.05211, , 
25/11/2013,1.05211,1.05701,1.05168,1.05495, , 
26/11/2013,1.05495,1.05844,1.05262,1.05271, , 
27/11/2013,1.05271,1.05595,1.05215,1.05446, , 
28/11/2013,1.05446,1.06038,1.05325,1.05929, , 
29/11/2013,1.05929,1.05991,1.05722,1.05898, , 
2/12/2013,1.05898,1.06301,1.05603,1.0625, , 
3/12/2013,1.0625,1.06553,1.06152,1.06458, , 
4/12/2013,1.06458,1.06739,1.06324,1.06417, , 
5/12/2013,1.06417,1.07084,1.06395,1.06775, , 
6/12/2013,1.06775,1.07003,1.06256,1.065, , 
9/12/2013,1.065,1.07106,1.06235,1.06568, , 
10/12/2013,1.06568,1.06712,1.06275,1.06378, , 
11/12/2013,1.06378,1.06469,1.06025,1.06075, , 
12/12/2013,1.06075,1.06212,1.05859,1.05912, , 
13/12/2013,1.05912,1.06574,1.05618,1.06432, , 
16/12/2013,1.06432,1.06705,1.05828,1.05922, , 
17/12/2013,1.05922,1.05992,1.05737,1.0592, , 
18/12/2013,1.0592,1.06193,1.05776,1.0605, , 
19/12/2013,1.0605,1.07209,1.06029,1.0719, , 
20/12/2013,1.0719,1.0729,1.06619,1.06747, , 
23/12/2013,1.06747,1.0739,1.06291,1.06442, , 
24/12/2013,1.06442,1.06545,1.05828,1.06169, , 
26/12/2013,1.06169,1.06373,1.06077,1.06215, , 
27/12/2013,1.06215,1.06532,1.06175,1.0653, , 
30/12/2013,1.0653,1.072,1.06209,1.07089, , 
31/12/2013,1.07089,1.07289,1.06379,1.0647, , 
2/01/2014,1.0647,1.06584,1.06181,1.06383, , 
3/01/2014,1.06383,1.06792,1.05896,1.06709, , 
6/01/2014,1.06709,1.06733,1.06031,1.06347, , 
7/01/2014,1.06347,1.06819,1.06102,1.06628, , 
8/01/2014,1.06628,1.07824,1.06609,1.07755, , 
9/01/2014,1.07755,1.08316,1.0775,1.08254, , 
10/01/2014,1.08254,1.08759,1.08204,1.08492, , 
13/01/2014,1.08492,1.09479,1.08394,1.09073, , 
14/01/2014,1.09073,1.09306,1.08439,1.08829, , 
15/01/2014,1.08829,1.09602,1.08806,1.09494, , 
16/01/2014,1.09494,1.09927,1.09213,1.09502, , 
17/01/2014,1.09502,1.09641,1.09064,1.09358, , 
20/01/2014,1.09358,1.0985,1.09276,1.09685, , 
21/01/2014,1.09685,1.09736,1.09311,1.09562, , 
22/01/2014,1.09562,1.10206,1.09486,1.09734, , 
23/01/2014,1.09734,1.11061,1.09547,1.11031, , 
24/01/2014,1.11031,1.11749,1.10931,1.11155, , 
27/01/2014,1.11155,1.11386,1.10532,1.10643, , 
28/01/2014,1.10643,1.11206,1.10328,1.11173, , 
29/01/2014,1.11173,1.11781,1.10799,1.11467, , 
30/01/2014,1.11467,1.11882,1.11037,1.11854, , 
31/01/2014,1.11854,1.12,1.1152,1.11594, , 
3/02/2014,1.11594,1.12253,1.10893,1.11259, , 
4/02/2014,1.11259,1.11349,1.10423,1.1108, , 
5/02/2014,1.1108,1.11248,1.10496,1.10863, , 
6/02/2014,1.10863,1.11221,1.10384,1.10778, , 
7/02/2014,1.10778,1.11236,1.10518,1.10715, , 
10/02/2014,1.10715,1.10806,1.09689,1.104, , 
11/02/2014,1.104,1.10634,1.10198,1.10592, , 
12/02/2014,1.10592,1.10917,1.10042,1.10141, , 
13/02/2014,1.10141,1.10263,1.09771,1.09986, , 
14/02/2014,1.09986,1.10272,1.09555,1.09794, , 
17/02/2014,1.09794,1.0992,1.09414,1.0974, , 
18/02/2014,1.0974,1.09845,1.09543,1.09573, , 
19/02/2014,1.09573,1.09778,1.09411,1.09547, , 
20/02/2014,1.09547,1.1088,1.09115,1.10748, , 
21/02/2014,1.10748,1.1114,1.10617,1.11055, , 
24/02/2014,1.11055,1.11976,1.11041,1.11174, , 
25/02/2014,1.11174,1.11441,1.10556,1.10613, , 
26/02/2014,1.10613,1.10971,1.10556,1.1087, , 
27/02/2014,1.1087,1.11459,1.10741,1.11375, , 
28/02/2014,1.11375,1.11609,1.1119,1.11255, , 
3/03/2014,1.11255,1.11491,1.10418,1.10641, , 
4/03/2014,1.10641,1.11115,1.10397,1.10823, , 
5/03/2014,1.10823,1.1119,1.10634,1.10886, , 
6/03/2014,1.10886,1.11021,1.10263,1.10314, , 
7/03/2014,1.10314,1.10477,1.09565,1.0991, , 
10/03/2014,1.0991,1.11022,1.09817,1.10902, , 
11/03/2014,1.10902,1.11322,1.10899,1.11184, , 
12/03/2014,1.11184,1.11321,1.10729,1.11113, , 
13/03/2014,1.11113,1.11551,1.10915,1.11205, , 
14/03/2014,1.11205,1.11231,1.10441,1.10789, , 
17/03/2014,1.10789,1.11119,1.10744,1.10977, , 
18/03/2014,1.10977,1.11057,1.10461,1.10596, , 
19/03/2014,1.10596,1.11477,1.10268,1.113, , 
20/03/2014,1.113,1.12727,1.11234,1.12448, , 
21/03/2014,1.12448,1.12799,1.12354,1.1244, , 
24/03/2014,1.1244,1.12637,1.11752,1.12279, , 
25/03/2014,1.12279,1.12476,1.11846,1.11993, , 
26/03/2014,1.11993,1.12115,1.11567,1.11664, , 
27/03/2014,1.11664,1.11703,1.10819,1.11003, , 
28/03/2014,1.11003,1.11055,1.10151,1.10316, , 
31/03/2014,1.10316,1.1079,1.10021,1.10529, , 
1/04/2014,1.10529,1.10682,1.10033,1.10537, , 
2/04/2014,1.10537,1.10712,1.10137,1.10314, , 
3/04/2014,1.10314,1.10487,1.10056,1.10319, , 
4/04/2014,1.10319,1.10466,1.10073,1.10365, , 
7/04/2014,1.10365,1.10375,1.09581,1.09823, , 
8/04/2014,1.09823,1.10107,1.09623,1.09783, , 
9/04/2014,1.09783,1.09785,1.09127,1.09315, , 
10/04/2014,1.09315,1.09437,1.08594,1.08827, , 
11/04/2014,1.08827,1.09386,1.08689,1.09326, , 
14/04/2014,1.09326,1.09862,1.09196,1.09766, , 
15/04/2014,1.09766,1.09937,1.09436,1.09704, , 
16/04/2014,1.09704,1.10146,1.09653,1.09864, , 
17/04/2014,1.09864,1.1035,1.09615,1.10107, , 
18/04/2014,1.10107,1.10206,1.09846,1.101, , 
21/04/2014,1.101,1.10317,1.09997,1.10223, , 
22/04/2014,1.10223,1.10323,1.10095,1.10217, , 
23/04/2014,1.10217,1.10433,1.10019,1.10291, , 
24/04/2014,1.10291,1.10545,1.10187,1.10328, , 
25/04/2014,1.10328,1.10397,1.10167,1.1024, , 
28/04/2014,1.1024,1.10485,1.10151,1.10372, , 
29/04/2014,1.10372,1.10408,1.10186,1.10259, , 
30/04/2014,1.10259,1.10271,1.09448,1.09533, , 
1/05/2014,1.09533,1.09807,1.09442,1.09644, , 
2/05/2014,1.09644,1.09967,1.0954,1.09659, , 
5/05/2014,1.09659,1.10093,1.0937,1.09788, , 
6/05/2014,1.09788,1.09902,1.09501,1.09598, , 
7/05/2014,1.09598,1.09622,1.08755,1.08918, , 
8/05/2014,1.08918,1.09086,1.08772,1.08997, , 
9/05/2014,1.08997,1.09053,1.08155,1.08332, , 
12/05/2014,1.08332,1.09173,1.0818,1.09019, , 
13/05/2014,1.09019,1.09054,1.08758,1.09007, , 
14/05/2014,1.09007,1.09281,1.08884,1.0907, , 
15/05/2014,1.0907,1.0923,1.08707,1.08903, , 
16/05/2014,1.08903,1.08924,1.08532,1.08777, , 
19/05/2014,1.08777,1.08897,1.08573,1.08664, , 
20/05/2014,1.08664,1.08795,1.08518,1.08754, , 
21/05/2014,1.08754,1.09183,1.08731,1.09122, , 
22/05/2014,1.09122,1.09429,1.08947,1.09168, , 
23/05/2014,1.09168,1.09335,1.08855,1.08953, , 
26/05/2014,1.08953,1.09102,1.08642,1.08726, , 
27/05/2014,1.08726,1.0874,1.08543,1.08593, , 
28/05/2014,1.08593,1.0876,1.0837,1.08548, , 
29/05/2014,1.08548,1.08878,1.0845,1.08734, , 
30/05/2014,1.08734,1.08792,1.08267,1.08401, , 
2/06/2014,1.08401,1.08741,1.08237,1.08458, , 
3/06/2014,1.08458,1.09127,1.08439,1.09035, , 
4/06/2014,1.09035,1.09233,1.08922,1.09195, , 
5/06/2014,1.09195,1.09565,1.09176,1.09446, , 
6/06/2014,1.09446,1.09618,1.09178,1.09231, , 
9/06/2014,1.09231,1.09493,1.09097,1.09372, , 
10/06/2014,1.09372,1.09423,1.0902,1.09077, , 
11/06/2014,1.09077,1.09225,1.08915,1.08994, , 
12/06/2014,1.08994,1.09062,1.08626,1.08698, , 
13/06/2014,1.08698,1.08707,1.0843,1.08578, , 
16/06/2014,1.08578,1.08716,1.08492,1.08593, , 
17/06/2014,1.08593,1.08833,1.08366,1.08511, , 
18/06/2014,1.08511,1.08762,1.08491,1.0863, , 
19/06/2014,1.0863,1.09013,1.08365,1.08382, , 
20/06/2014,1.08382,1.08386,1.08115,1.08194, , 
23/06/2014,1.08194,1.08273,1.07526,1.07545, , 
24/06/2014,1.07545,1.0755,1.07182,1.07319, , 
25/06/2014,1.07319,1.07483,1.07173,1.07464, , 
26/06/2014,1.07464,1.07534,1.07183,1.07246, , 
27/06/2014,1.07246,1.07262,1.06844,1.06942, , 
30/06/2014,1.06942,1.06976,1.06611,1.06679, , 
1/07/2014,1.06679,1.06979,1.06481,1.06754, , 
2/07/2014,1.06754,1.06792,1.06308,1.06376, , 
3/07/2014,1.06376,1.0672,1.06277,1.06693, , 
4/07/2014,1.06693,1.0682,1.06216,1.06393, , 
7/07/2014,1.06393,1.06605,1.06316,1.06546, , 
8/07/2014,1.06546,1.06864,1.06325,1.06845, , 
9/07/2014,1.06845,1.06954,1.06632,1.06736, , 
10/07/2014,1.06736,1.06851,1.06423,1.06511, , 
11/07/2014,1.06511,1.06771,1.06459,1.06508, , 
14/07/2014,1.06508,1.07425,1.06318,1.07299, , 
15/07/2014,1.07299,1.07487,1.07114,1.07175, , 
16/07/2014,1.07175,1.07708,1.0717,1.0761, , 
17/07/2014,1.0761,1.07955,1.07248,1.0741, , 
18/07/2014,1.0741,1.07676,1.07291,1.0764, , 
21/07/2014,1.0764,1.0764,1.07098,1.07411, , 
22/07/2014,1.07411,1.07535,1.07275,1.07411, , 
23/07/2014,1.07411,1.07607,1.07319,1.0741, , 
24/07/2014,1.0741,1.07468,1.07115,1.07324, , 
25/07/2014,1.07324,1.07532,1.07193,1.07462, , 
28/07/2014,1.07462,1.08225,1.07396,1.08135, , 
29/07/2014,1.08135,1.08196,1.07981,1.08018, , 
30/07/2014,1.08018,1.08672,1.07987,1.08529, , 
31/07/2014,1.08529,1.09181,1.08513,1.09097, , 
1/08/2014,1.09097,1.09307,1.0878,1.09084, , 
4/08/2014,1.09084,1.09452,1.08861,1.09245, , 
5/08/2014,1.09245,1.09353,1.09056,1.0908, , 
6/08/2014,1.0908,1.09783,1.09075,1.09645, , 
7/08/2014,1.09645,1.09872,1.09135,1.092, , 
8/08/2014,1.092,1.09395,1.09048,1.09339, , 
11/08/2014,1.09339,1.09852,1.09109,1.09725, , 
12/08/2014,1.09725,1.09786,1.09196,1.09293, , 
13/08/2014,1.09293,1.09543,1.0915,1.09284, , 
14/08/2014,1.09284,1.09416,1.09077,1.09163, , 
15/08/2014,1.09163,1.09225,1.08882,1.0908, , 
18/08/2014,1.0908,1.09205,1.08615,1.0895, , 
19/08/2014,1.0895,1.09006,1.08766,1.08929, , 
20/08/2014,1.08929,1.09506,1.08901,1.09418, , 
21/08/2014,1.09418,1.09751,1.09334,1.09716, , 
22/08/2014,1.09716,1.09878,1.09406,1.0947, , 
25/08/2014,1.0947,1.09834,1.09293,1.09706, , 
26/08/2014,1.09706,1.09989,1.09441,1.09963, , 
27/08/2014,1.09963,1.09982,1.09424,1.0953, , 
28/08/2014,1.0953,1.09547,1.08297,1.08693, , 
29/08/2014,1.08693,1.08693,1.08378,1.08572, , 
1/09/2014,1.08572,1.08839,1.08119,1.08786, , 
2/09/2014,1.08786,1.08791,1.08575,1.08706, , 
3/09/2014,1.08706,1.09366,1.08682,1.09319, , 
4/09/2014,1.09319,1.09442,1.08721,1.08911, , 
5/09/2014,1.08911,1.09108,1.08222,1.08878, , 
8/09/2014,1.08878,1.09042,1.08414,1.08875, , 
9/09/2014,1.08875,1.09848,1.08853,1.0983, , 
10/09/2014,1.0983,1.10328,1.0966,1.09759, , 
11/09/2014,1.09759,1.10156,1.09351,1.09528, , 
12/09/2014,1.09528,1.10604,1.094,1.10374, , 
15/09/2014,1.10374,1.1099,1.1032,1.10901, , 
16/09/2014,1.10901,1.11002,1.10357,1.10527, , 
17/09/2014,1.10527,1.1072,1.09663,1.09758, , 
18/09/2014,1.09758,1.1024,1.09268,1.10101, , 
19/09/2014,1.10101,1.10158,1.0929,1.09458, , 
22/09/2014,1.09458,1.09811,1.08872,1.09483, , 
23/09/2014,1.09483,1.10454,1.09267,1.10408, , 
24/09/2014,1.10408,1.1084,1.09866,1.10721, , 
25/09/2014,1.10721,1.11225,1.10535,1.10743, , 
26/09/2014,1.10743,1.11277,1.10642,1.11067, , 
29/09/2014,1.11067,1.11693,1.10928,1.11654, , 
30/09/2014,1.11654,1.11789,1.11316,1.1161, , 
1/10/2014,1.1161,1.12199,1.11349,1.1208, , 
2/10/2014,1.1208,1.12236,1.11509,1.11537, , 
3/10/2014,1.11537,1.11781,1.10721,1.11585, , 
6/10/2014,1.11585,1.12707,1.11584,1.12608, , 
7/10/2014,1.12608,1.1262,1.1112,1.1148, , 
8/10/2014,1.1148,1.11963,1.11319,1.11621, , 
9/10/2014,1.11621,1.12104,1.10932,1.11047, , 
10/10/2014,1.11047,1.11918,1.10822,1.1182, , 
13/10/2014,1.1182,1.12226,1.11603,1.11886, , 
14/10/2014,1.11886,1.122,1.11825,1.12084, , 
15/10/2014,1.12084,1.13186,1.11926,1.13167, , 
16/10/2014,1.13167,1.13856,1.12267,1.12688, , 
17/10/2014,1.12688,1.13618,1.12266,1.12617, , 
20/10/2014,1.12617,1.12947,1.1211,1.1291, , 
21/10/2014,1.1291,1.12967,1.12517,1.12957, , 
22/10/2014,1.12957,1.12968,1.12035,1.12298, , 
23/10/2014,1.12298,1.13014,1.11844,1.12518, , 
24/10/2014,1.12518,1.12644,1.12077,1.12251, , 
27/10/2014,1.12251,1.12437,1.1195,1.1239, , 
28/10/2014,1.1239,1.12555,1.12133,1.125, , 
29/10/2014,1.125,1.12519,1.11656,1.11695, , 
30/10/2014,1.11695,1.12255,1.11223,1.11934, , 
31/10/2014,1.11934,1.12231,1.11656,1.11965, , 
3/11/2014,1.11965,1.1333,1.11856,1.12878, , 
4/11/2014,1.12878,1.13774,1.12638,1.13605, , 
5/11/2014,1.13605,1.14274,1.13403,1.13938, , 
6/11/2014,1.13938,1.14669,1.13714,1.13957, , 
7/11/2014,1.13957,1.14441,1.13795,1.1428, , 
10/11/2014,1.1428,1.1449,1.13125,1.13301, , 
11/11/2014,1.13301,1.13852,1.13005,1.13722, , 
12/11/2014,1.13722,1.1402,1.13183,1.13348, , 
13/11/2014,1.13348,1.13597,1.12811,1.13229, , 
14/11/2014,1.13229,1.13922,1.12992,1.13838, , 
17/11/2014,1.13838,1.13938,1.12645,1.12879, , 
18/11/2014,1.12879,1.13282,1.12689,1.12983, , 
19/11/2014,1.12983,1.13241,1.12605,1.13207, , 
20/11/2014,1.13207,1.13598,1.13111,1.13503, , 
21/11/2014,1.13503,1.13696,1.12933,1.13105, , 
24/11/2014,1.13105,1.13267,1.11917,1.12319, , 
25/11/2014,1.12319,1.13128,1.1225,1.12893, , 
26/11/2014,1.12893,1.13169,1.12327,1.12505, , 
27/11/2014,1.12505,1.12975,1.12285,1.12548, , 
28/11/2014,1.12548,1.13549,1.12356,1.13403, , 
1/12/2014,1.13403,1.14572,1.13356,1.14512, , 
2/12/2014,1.14512,1.14596,1.13135,1.13233, , 
3/12/2014,1.13233,1.14248,1.13188,1.14028, , 
4/12/2014,1.14028,1.14187,1.13472,1.13673, , 
5/12/2014,1.13673,1.13974,1.13406,1.13888, , 
8/12/2014,1.13888,1.14764,1.13848,1.14466, , 
9/12/2014,1.14466,1.14873,1.14273,1.14821, , 
10/12/2014,1.14821,1.15015,1.13973,1.1444, , 
11/12/2014,1.1444,1.15031,1.14363,1.14671, , 
12/12/2014,1.14671,1.15501,1.14487,1.15317, , 
15/12/2014,1.15317,1.15988,1.15163,1.15646, , 
16/12/2014,1.15646,1.1675,1.1549,1.16632, , 
17/12/2014,1.16632,1.16653,1.16073,1.16341, , 
18/12/2014,1.16341,1.16719,1.15606,1.16375, , 
19/12/2014,1.16375,1.16463,1.15697,1.15856, , 
22/12/2014,1.15856,1.16375,1.15679,1.16107, , 
23/12/2014,1.16107,1.16468,1.15785,1.16441, , 
24/12/2014,1.16441,1.16674,1.15992,1.16208, , 
26/12/2014,1.16208,1.16416,1.15905,1.16256, , 
29/12/2014,1.16256,1.16346,1.1604,1.16346, , 
30/12/2014,1.16346,1.16491,1.16056,1.16436, , 
31/12/2014,1.16436,1.16519,1.15971,1.16067, , 
2/01/2015,1.16067,1.16188,1.1565,1.16153, , 
5/01/2015,1.16153,1.18461,1.16153,1.17903, , 
6/01/2015,1.17903,1.1813,1.17438,1.17584, , 
7/01/2015,1.17584,1.18458,1.17312,1.18391, , 
8/01/2015,1.18391,1.18757,1.18132,1.18191, , 
9/01/2015,1.18191,1.18445,1.17969,1.18292, , 
12/01/2015,1.18292,1.18906,1.18052,1.18467, , 
13/01/2015,1.18467,1.1979,1.18357,1.197, , 
14/01/2015,1.197,1.19939,1.19264,1.19556, , 
15/01/2015,1.19556,1.20177,1.19293,1.19479, , 
16/01/2015,1.19479,1.19982,1.18036,1.19599, , 
19/01/2015,1.19599,1.20472,1.19598,1.19715, , 
20/01/2015,1.19715,1.19861,1.1935,1.19567, , 
21/01/2015,1.19567,1.21155,1.19514,1.21145, , 
22/01/2015,1.21145,1.23945,1.20632,1.23452, , 
23/01/2015,1.23452,1.23896,1.23144,1.23625, , 
30/01/2015,1.26505,1.2678,1.26055,1.2612, , 
2/02/2015,1.2612,1.27999,1.26111,1.26898, , 
3/02/2015,1.26898,1.27737,1.25577,1.25837, , 
4/02/2015,1.25837,1.26451,1.23525,1.24439, , 
5/02/2015,1.24439,1.25928,1.23912,1.25812, , 
6/02/2015,1.25812,1.25878,1.23939,1.24374, , 
9/02/2015,1.24374,1.25467,1.23792,1.25181, , 
10/02/2015,1.25181,1.25239,1.24287,1.24778, , 
11/02/2015,1.24778,1.26252,1.24516,1.25863, , 
12/02/2015,1.25863,1.26983,1.25728,1.26201, , 
13/02/2015,1.26201,1.2646,1.24387,1.2512, , 
16/02/2015,1.2512,1.25372,1.24226,1.24548, , 
17/02/2015,1.24548,1.24909,1.24213,1.24754, , 
18/02/2015,1.24754,1.24766,1.23629,1.23922, , 
19/02/2015,1.23922,1.24664,1.23821,1.24567, , 
20/02/2015,1.24567,1.25648,1.24377,1.24913, , 
23/02/2015,1.24913,1.25649,1.24228,1.25372, , 
24/02/2015,1.25372,1.26246,1.25372,1.25748, , 
25/02/2015,1.25748,1.26642,1.24791,1.24948, , 
26/02/2015,1.24948,1.24951,1.24019,1.24322, , 
27/02/2015,1.24322,1.25356,1.23884,1.25086, , 
2/03/2015,1.25086,1.25309,1.24492,1.25153, , 
3/03/2015,1.25153,1.25665,1.24769,1.25422, , 
4/03/2015,1.25422,1.25438,1.2433,1.24866, , 
5/03/2015,1.24866,1.25892,1.24074,1.2426, , 
6/03/2015,1.2426,1.25191,1.24071,1.24831, , 
9/03/2015,1.24831,1.26295,1.24561,1.26065, , 
10/03/2015,1.26065,1.26346,1.25737,1.26222, , 
11/03/2015,1.26222,1.26962,1.2598,1.26778, , 
12/03/2015,1.26778,1.27982,1.26648,1.27395, , 
13/03/2015,1.27395,1.27687,1.26177,1.26909, , 
16/03/2015,1.26909,1.28241,1.26891,1.28167, , 
17/03/2015,1.28167,1.28189,1.27351,1.27764, , 
18/03/2015,1.27764,1.27986,1.27493,1.27878, , 
19/03/2015,1.27878,1.28356,1.24501,1.25568, , 
20/03/2015,1.25568,1.27587,1.25084,1.27029, , 
23/03/2015,1.27029,1.2724,1.25368,1.25812, , 
24/03/2015,1.25812,1.26159,1.24958,1.25213, , 
25/03/2015,1.25213,1.25468,1.24278,1.25064, , 
26/03/2015,1.25064,1.25412,1.24738,1.25272, , 
27/03/2015,1.25272,1.25332,1.24104,1.24816, , 
30/03/2015,1.24816,1.26237,1.24684,1.26105, , 
31/03/2015,1.26105,1.27066,1.26022,1.26768, , 
1/04/2015,1.26768,1.27853,1.26525,1.26875, , 
2/04/2015,1.26875,1.27104,1.25766,1.26134, , 
3/04/2015,1.26134,1.26561,1.25561,1.25639, , 
6/04/2015,1.25639,1.2575,1.24294,1.24779, , 
7/04/2015,1.24779,1.25075,1.24378,1.24783, , 
8/04/2015,1.24783,1.25231,1.24561,1.25058, , 
9/04/2015,1.25058,1.25589,1.23882,1.25453, , 
10/04/2015,1.25453,1.26138,1.25091,1.25816, , 
13/04/2015,1.25816,1.26671,1.25644,1.25762, , 
14/04/2015,1.25762,1.26463,1.25626,1.25958, , 
15/04/2015,1.25958,1.26034,1.24451,1.24852, , 
16/04/2015,1.24852,1.2571,1.22816,1.2307, , 
17/04/2015,1.2307,1.23282,1.21436,1.22011, , 
20/04/2015,1.22011,1.22718,1.20882,1.22137, , 
21/04/2015,1.22137,1.22601,1.21803,1.22299, , 
22/04/2015,1.22299,1.23059,1.22145,1.22739, , 
23/04/2015,1.22739,1.22877,1.22112,1.22457, , 
24/04/2015,1.22457,1.22695,1.21214,1.21509, , 
27/04/2015,1.21509,1.21935,1.21032,1.21709, , 
28/04/2015,1.21709,1.21958,1.20809,1.20963, , 
29/04/2015,1.20963,1.21173,1.20151,1.20365, , 
30/04/2015,1.20365,1.20741,1.19451,1.20213, , 
1/05/2015,1.20213,1.21333,1.19974,1.20815, , 
4/05/2015,1.20815,1.22054,1.20757,1.21639, , 
5/05/2015,1.21639,1.21813,1.20887,1.20955, , 
6/05/2015,1.20955,1.21318,1.20027,1.20759, , 
7/05/2015,1.20759,1.2088,1.19404,1.20415, , 
8/05/2015,1.20415,1.21635,1.20354,1.21076, , 
11/05/2015,1.21076,1.21461,1.20463,1.20918, , 
12/05/2015,1.20918,1.21447,1.20653,1.20964, , 
13/05/2015,1.20964,1.21077,1.19789,1.20086, , 
14/05/2015,1.20086,1.20289,1.1929,1.19574, , 
15/05/2015,1.19574,1.20066,1.19199,1.19855, , 
18/05/2015,1.19855,1.20676,1.19801,1.20168, , 
19/05/2015,1.20168,1.21715,1.20151,1.21471, , 
20/05/2015,1.21471,1.22504,1.21296,1.22307, , 
21/05/2015,1.22307,1.22565,1.21694,1.22041, , 
22/05/2015,1.22041,1.22429,1.21719,1.21992, , 
25/05/2015,1.21992,1.23225,1.21732,1.22962, , 
26/05/2015,1.22962,1.23209,1.22763,1.23206, , 
27/05/2015,1.23206,1.24481,1.23055,1.24254, , 
28/05/2015,1.24254,1.24926,1.23957,1.24576, , 
29/05/2015,1.24576,1.25388,1.24204,1.2427, , 
1/06/2015,1.2427,1.25279,1.24117,1.24606, , 
2/06/2015,1.24606,1.25635,1.24487,1.25262, , 
3/06/2015,1.25262,1.25358,1.23682,1.2417, , 
4/06/2015,1.2417,1.25099,1.23857,1.24579, , 
5/06/2015,1.24579,1.2508,1.2437,1.2494, , 
8/06/2015,1.2494,1.25632,1.24287,1.24625, , 
9/06/2015,1.24625,1.24731,1.2384,1.24132, , 
10/06/2015,1.24132,1.24423,1.23076,1.23427, , 
11/06/2015,1.23427,1.23528,1.22027,1.22779, , 
12/06/2015,1.22779,1.23551,1.22652,1.2294, , 
15/06/2015,1.2294,1.23477,1.22782,1.23163, , 
16/06/2015,1.23163,1.23609,1.22975,1.23171, , 
17/06/2015,1.23171,1.23469,1.22837,1.22967, , 
18/06/2015,1.22967,1.23561,1.22216,1.2232, , 
19/06/2015,1.2232,1.22508,1.21282,1.22273, , 
22/06/2015,1.22273,1.2296,1.22154,1.22776, , 
23/06/2015,1.22776,1.23296,1.22185,1.23164, , 
24/06/2015,1.23164,1.2383,1.23145,1.23231, , 
25/06/2015,1.23231,1.24233,1.22772,1.23849, , 
26/06/2015,1.23849,1.23999,1.23129,1.23322, , 
29/06/2015,1.23322,1.23977,1.23131,1.23506, , 
30/06/2015,1.23506,1.24148,1.23042,1.24147, , 
1/07/2015,1.24147,1.25006,1.23632,1.24828, , 
2/07/2015,1.24828,1.25981,1.24756,1.25903, , 
3/07/2015,1.25903,1.26337,1.25381,1.25497, , 
6/07/2015,1.25497,1.26157,1.25406,1.26115, , 
7/07/2015,1.26115,1.26641,1.25636,1.26633, , 
8/07/2015,1.26633,1.278,1.2652,1.27215, , 
9/07/2015,1.27215,1.27684,1.26886,1.27342, , 
10/07/2015,1.27342,1.27436,1.26663,1.27094, , 
13/07/2015,1.27094,1.27537,1.2657,1.26982, , 
14/07/2015,1.26982,1.27905,1.26806,1.27547, , 
15/07/2015,1.27547,1.28054,1.27173,1.27373, , 
16/07/2015,1.27373,1.29587,1.27234,1.29271, , 
17/07/2015,1.29271,1.29698,1.29054,1.29693, , 
20/07/2015,1.29693,1.30086,1.29483,1.29895, , 
21/07/2015,1.29895,1.30247,1.29532,1.29972, , 
22/07/2015,1.29972,1.3013,1.2917,1.2943, , 
23/07/2015,1.2943,1.30534,1.29375,1.30424, , 
24/07/2015,1.30424,1.30482,1.29507,1.30236, , 
27/07/2015,1.30236,1.31037,1.30177,1.30422, , 
28/07/2015,1.30422,1.3047,1.29797,1.30393, , 
29/07/2015,1.30393,1.30432,1.2912,1.29298, , 
30/07/2015,1.29298,1.29677,1.28624,1.29509, , 
31/07/2015,1.29509,1.30444,1.29497,1.30042, , 
3/08/2015,1.30042,1.31276,1.2941,1.31261, , 
4/08/2015,1.31261,1.31765,1.3111,1.31609, , 
5/08/2015,1.31609,1.32024,1.3106,1.31942, , 
6/08/2015,1.31942,1.32137,1.31102,1.31754, , 
7/08/2015,1.31754,1.31974,1.30944,1.31162, , 
