DD/MM/YYYY HH:MM:SS, O, H, L, C
4/01/2008 0:00,1.14,1.1445,1.1337,1.143
7/01/2008 0:00,1.1432,1.144,1.1355,1.1436
8/01/2008 0:00,1.1437,1.1443,1.1335,1.1387
9/01/2008 0:00,1.1388,1.1505,1.1377,1.1485
10/01/2008 0:00,1.1484,1.1489,1.1399,1.1417
11/01/2008 0:00,1.1418,1.1437,1.1366,1.1428
14/01/2008 0:00,1.1426,1.1439,1.1355,1.1414
15/01/2008 0:00,1.1404,1.1412,1.1365,1.1375
16/01/2008 0:00,1.1373,1.1407,1.1333,1.1354
17/01/2008 0:00,1.1355,1.1479,1.1339,1.1438
18/01/2008 0:00,1.1437,1.1518,1.1411,1.148
21/01/2008 0:00,1.1481,1.1607,1.1451,1.1545
22/01/2008 0:00,1.1544,1.1596,1.1513,1.1531
23/01/2008 0:00,1.1533,1.1564,1.1346,1.1373
24/01/2008 0:00,1.1374,1.1452,1.1346,1.1417
25/01/2008 0:00,1.1418,1.1491,1.1351,1.1476
28/01/2008 0:00,1.1475,1.1477,1.1412,1.1434
29/01/2008 0:00,1.1433,1.1452,1.138,1.1441
30/01/2008 0:00,1.1442,1.1449,1.139,1.1434
31/01/2008 0:00,1.1433,1.1441,1.1367,1.1378
1/02/2008 0:00,1.1377,1.1404,1.1346,1.1382
4/02/2008 0:00,1.1383,1.1444,1.1354,1.144
5/02/2008 0:00,1.1441,1.1481,1.1405,1.1445
6/02/2008 0:00,1.1442,1.1507,1.1425,1.1466
7/02/2008 0:00,1.1465,1.1481,1.1338,1.1352
8/02/2008 0:00,1.1351,1.1382,1.1281,1.1351
11/02/2008 0:00,1.135,1.1456,1.1338,1.1445
12/02/2008 0:00,1.1446,1.1492,1.1425,1.144
13/02/2008 0:00,1.1442,1.1472,1.1396,1.1455
14/02/2008 0:00,1.1454,1.15,1.14,1.1471
15/02/2008 0:00,1.1476,1.1533,1.1417,1.1528
18/02/2008 0:00,1.1527,1.1533,1.1477,1.1511
19/02/2008 0:00,1.151,1.155,1.1467,1.1528
20/02/2008 0:00,1.1526,1.1546,1.1505,1.1525
21/02/2008 0:00,1.1522,1.1543,1.1483,1.1513
22/02/2008 0:00,1.1512,1.1516,1.1459,1.1476
25/02/2008 0:00,1.1478,1.1486,1.1407,1.1438
26/02/2008 0:00,1.1439,1.1471,1.1386,1.1457
27/02/2008 0:00,1.1456,1.1487,1.1422,1.1468
28/02/2008 0:00,1.1469,1.1574,1.1441,1.1559
29/02/2008 0:00,1.1561,1.1659,1.1536,1.1616
3/03/2008 0:00,1.1615,1.1738,1.1592,1.1718
4/03/2008 0:00,1.1717,1.1742,1.157,1.1576
5/03/2008 0:00,1.1577,1.1638,1.1561,1.1625
6/03/2008 0:00,1.1626,1.1692,1.1609,1.1658
7/03/2008 0:00,1.1659,1.1695,1.1617,1.1682
10/03/2008 0:00,1.1683,1.1754,1.1663,1.1715
11/03/2008 0:00,1.1714,1.1723,1.159,1.16
12/03/2008 0:00,1.1601,1.1611,1.1532,1.1595
13/03/2008 0:00,1.1596,1.1665,1.1558,1.1653
14/03/2008 0:00,1.1654,1.1671,1.1536,1.1575
17/03/2008 0:00,1.1576,1.1578,1.141,1.1485
18/03/2008 0:00,1.1481,1.1538,1.1425,1.1477
19/03/2008 0:00,1.1478,1.1516,1.1438,1.1451
20/03/2008 0:00,1.145,1.1485,1.1397,1.143
21/03/2008 0:00,1.1431,1.1439,1.1346,1.1394
24/03/2008 0:00,1.1393,1.1408,1.135,1.1392
25/03/2008 0:00,1.1393,1.1444,1.135,1.1376
26/03/2008 0:00,1.1377,1.1413,1.1342,1.1405
27/03/2008 0:00,1.1404,1.146,1.1372,1.1451
28/03/2008 0:00,1.145,1.1481,1.1403,1.1451
31/03/2008 0:00,1.1452,1.1592,1.1441,1.1566
1/04/2008 0:00,1.1567,1.1652,1.1543,1.1594
2/04/2008 0:00,1.1595,1.1656,1.1518,1.1537
3/04/2008 0:00,1.1536,1.1624,1.1512,1.1607
4/04/2008 0:00,1.1606,1.1687,1.1596,1.1659
7/04/2008 0:00,1.1658,1.1735,1.1639,1.1683
8/04/2008 0:00,1.1681,1.1688,1.1607,1.1644
9/04/2008 0:00,1.1645,1.1702,1.1633,1.1691
10/04/2008 0:00,1.1693,1.1701,1.1633,1.1679
11/04/2008 0:00,1.168,1.1706,1.164,1.1681
14/04/2008 0:00,1.1682,1.176,1.1659,1.171
15/04/2008 0:00,1.1711,1.1745,1.1665,1.1734
16/04/2008 0:00,1.1735,1.1818,1.1711,1.1808
17/04/2008 0:00,1.1809,1.1911,1.1803,1.1857
18/04/2008 0:00,1.1856,1.1923,1.182,1.1845
21/04/2008 0:00,1.1846,1.1895,1.1782,1.1869
22/04/2008 0:00,1.1868,1.1905,1.1841,1.1871
23/04/2008 0:00,1.1872,1.1936,1.1843,1.1922
24/04/2008 0:00,1.1921,1.1953,1.1867,1.1936
25/04/2008 0:00,1.1935,1.196,1.1906,1.1952
28/04/2008 0:00,1.1953,1.1988,1.1907,1.1933
29/04/2008 0:00,1.1934,1.1997,1.1924,1.1973
30/04/2008 0:00,1.1974,1.2079,1.1963,1.2042
1/05/2008 0:00,1.2043,1.2082,1.2006,1.2032
2/05/2008 0:00,1.2031,1.2073,1.199,1.2002
5/05/2008 0:00,1.2003,1.2009,1.1916,1.1995
6/05/2008 0:00,1.1996,1.2072,1.1989,1.205
7/05/2008 0:00,1.2049,1.2058,1.1966,1.2014
8/05/2008 0:00,1.2013,1.2193,1.1998,1.2159
9/05/2008 0:00,1.2161,1.2246,1.2154,1.2187
12/05/2008 0:00,1.2186,1.2291,1.2158,1.2263
13/05/2008 0:00,1.2262,1.2319,1.2247,1.2304
14/05/2008 0:00,1.2305,1.2349,1.2253,1.2315
15/05/2008 0:00,1.2318,1.2333,1.2244,1.231
16/05/2008 0:00,1.2309,1.2415,1.2306,1.2363
19/05/2008 0:00,1.2362,1.2385,1.2309,1.2359
20/05/2008 0:00,1.2358,1.2401,1.2286,1.2398
21/05/2008 0:00,1.24,1.2417,1.2355,1.2388
22/05/2008 0:00,1.2387,1.2421,1.2238,1.2258
23/05/2008 0:00,1.2262,1.2276,1.2161,1.2194
26/05/2008 0:00,1.2193,1.2257,1.2179,1.2219
27/05/2008 0:00,1.2218,1.2235,1.2141,1.2181
28/05/2008 0:00,1.2182,1.22,1.2131,1.2184
29/05/2008 0:00,1.2183,1.2277,1.2167,1.2243
30/05/2008 0:00,1.2238,1.2305,1.2224,1.2242
2/06/2008 0:00,1.2243,1.2254,1.2149,1.2173
3/06/2008 0:00,1.2174,1.2219,1.2132,1.2202
4/06/2008 0:00,1.2201,1.2275,1.2166,1.2267
5/06/2008 0:00,1.2266,1.249,1.2242,1.2457
6/06/2008 0:00,1.2456,1.2544,1.2446,1.2516
9/06/2008 0:00,1.2517,1.2566,1.2474,1.2519
10/06/2008 0:00,1.2518,1.2564,1.2478,1.2543
11/06/2008 0:00,1.2544,1.2633,1.2532,1.254
12/06/2008 0:00,1.2539,1.2584,1.2446,1.2465
13/06/2008 0:00,1.2466,1.2543,1.2432,1.254
16/06/2008 0:00,1.2539,1.2567,1.2491,1.2512
17/06/2008 0:00,1.2511,1.2531,1.2453,1.2463
18/06/2008 0:00,1.2462,1.2526,1.2444,1.249
19/06/2008 0:00,1.2489,1.2501,1.2458,1.2492
20/06/2008 0:00,1.2491,1.2512,1.2451,1.249
23/06/2008 0:00,1.2491,1.2545,1.2481,1.2535
24/06/2008 0:00,1.2536,1.2588,1.2524,1.2585
25/06/2008 0:00,1.2584,1.264,1.2583,1.2634
26/06/2008 0:00,1.2635,1.2688,1.2612,1.2666
27/06/2008 0:00,1.2665,1.2699,1.2635,1.2639
30/06/2008 0:00,1.264,1.2696,1.2597,1.2615
1/07/2008 0:00,1.2616,1.2646,1.2564,1.2606
2/07/2008 0:00,1.2603,1.266,1.2542,1.2651
3/07/2008 0:00,1.2649,1.2686,1.2642,1.2659
4/07/2008 0:00,1.2658,1.2723,1.2651,1.271
7/07/2008 0:00,1.2711,1.273,1.2668,1.2699
8/07/2008 0:00,1.27,1.2717,1.2662,1.27
9/07/2008 0:00,1.2699,1.2712,1.2596,1.2604
10/07/2008 0:00,1.2602,1.2709,1.2583,1.2688
11/07/2008 0:00,1.2687,1.2719,1.2647,1.2666
14/07/2008 0:00,1.2667,1.276,1.2652,1.2724
15/07/2008 0:00,1.2723,1.2758,1.2711,1.2733
16/07/2008 0:00,1.2734,1.2751,1.2662,1.2674
17/07/2008 0:00,1.2672,1.2688,1.2614,1.265
18/07/2008 0:00,1.2651,1.2776,1.2643,1.2734
21/07/2008 0:00,1.2735,1.2823,1.271,1.2805
22/07/2008 0:00,1.2806,1.2855,1.2791,1.2831
23/07/2008 0:00,1.283,1.2844,1.277,1.2814
24/07/2008 0:00,1.2813,1.2952,1.2795,1.2912
25/07/2008 0:00,1.2913,1.2975,1.2883,1.2903
28/07/2008 0:00,1.2902,1.2915,1.2835,1.2855
29/07/2008 0:00,1.2856,1.2888,1.2837,1.2859
30/07/2008 0:00,1.286,1.295,1.285,1.2888
31/07/2008 0:00,1.289,1.2932,1.2831,1.2864
1/08/2008 0:00,1.2863,1.2909,1.2806,1.2864
4/08/2008 0:00,1.2865,1.2916,1.2745,1.28
5/08/2008 0:00,1.2801,1.2809,1.2726,1.2764
6/08/2008 0:00,1.2763,1.2774,1.2602,1.2649
7/08/2008 0:00,1.265,1.2696,1.2621,1.2682
8/08/2008 0:00,1.2681,1.2806,1.2665,1.2755
11/08/2008 0:00,1.2756,1.2767,1.2602,1.267
12/08/2008 0:00,1.2669,1.2683,1.2579,1.2597
13/08/2008 0:00,1.2596,1.2612,1.2519,1.2582
14/08/2008 0:00,1.258,1.2589,1.2418,1.2453
15/08/2008 0:00,1.2452,1.2501,1.2358,1.2392
18/08/2008 0:00,1.2391,1.2406,1.2259,1.2318
19/08/2008 0:00,1.2317,1.2328,1.2206,1.2275
20/08/2008 0:00,1.2274,1.2285,1.2174,1.2195
21/08/2008 0:00,1.2193,1.2279,1.2189,1.2234
22/08/2008 0:00,1.2233,1.2244,1.2166,1.2218
25/08/2008 0:00,1.2221,1.2281,1.2192,1.2232
26/08/2008 0:00,1.2231,1.2343,1.2226,1.2338
27/08/2008 0:00,1.2337,1.239,1.2223,1.2247
28/08/2008 0:00,1.2246,1.2299,1.2217,1.2272
29/08/2008 0:00,1.2271,1.2324,1.226,1.2277
1/09/2008 0:00,1.2273,1.2294,1.2229,1.2273
2/09/2008 0:00,1.2272,1.2288,1.2196,1.2259
3/09/2008 0:00,1.226,1.231,1.2132,1.2247
4/09/2008 0:00,1.2246,1.2276,1.2165,1.2229
5/09/2008 0:00,1.223,1.2326,1.2169,1.2266
8/09/2008 0:00,1.2267,1.2281,1.2102,1.2182
9/09/2008 0:00,1.2181,1.2231,1.2131,1.2166
10/09/2008 0:00,1.2169,1.2179,1.1996,1.2054
11/09/2008 0:00,1.2053,1.2281,1.2024,1.2272
12/09/2008 0:00,1.2273,1.2334,1.2233,1.2282
15/09/2008 0:00,1.2281,1.2356,1.2249,1.2264
16/09/2008 0:00,1.2269,1.233,1.2106,1.2117
17/09/2008 0:00,1.2118,1.2163,1.2022,1.2071
18/09/2008 0:00,1.207,1.2098,1.1862,1.1909
19/09/2008 0:00,1.1908,1.2054,1.1822,1.2042
22/09/2008 0:00,1.2043,1.2178,1.1956,1.2098
23/09/2008 0:00,1.2099,1.2305,1.2081,1.2197
24/09/2008 0:00,1.2198,1.2282,1.2179,1.2275
25/09/2008 0:00,1.2276,1.2296,1.2174,1.2233
26/09/2008 0:00,1.2234,1.2287,1.2153,1.2164
29/09/2008 0:00,1.2163,1.2167,1.2064,1.2094
30/09/2008 0:00,1.2093,1.2114,1.1912,1.1937
1/10/2008 0:00,1.1938,1.1957,1.1786,1.1886
2/10/2008 0:00,1.1885,1.1903,1.1695,1.1769
3/10/2008 0:00,1.177,1.1794,1.1679,1.177
6/10/2008 0:00,1.1771,1.179,1.1556,1.1574
7/10/2008 0:00,1.1575,1.1588,1.1262,1.1432
8/10/2008 0:00,1.1426,1.148,1.1307,1.14
9/10/2008 0:00,1.1398,1.142,1.0995,1.1341
10/10/2008 0:00,1.1342,1.1462,1.1108,1.1167
13/10/2008 0:00,1.1168,1.1207,1.0654,1.1102
14/10/2008 0:00,1.1105,1.1462,1.1042,1.1384
15/10/2008 0:00,1.1381,1.1456,1.1166,1.1278
16/10/2008 0:00,1.1275,1.136,1.0891,1.1014
17/10/2008 0:00,1.1012,1.1265,1.0929,1.1231
20/10/2008 0:00,1.1236,1.1428,1.1059,1.1377
21/10/2008 0:00,1.1376,1.1433,1.1231,1.1299
22/10/2008 0:00,1.1298,1.131,1.1069,1.119
23/10/2008 0:00,1.119,1.1483,1.111,1.1198
24/10/2008 0:00,1.1199,1.1318,1.1168,1.1193
27/10/2008 0:00,1.1191,1.123,1.0941,1.1124
28/10/2008 0:00,1.1124,1.1314,1.1032,1.1153
29/10/2008 0:00,1.1153,1.143,1.1099,1.1185
30/10/2008 0:00,1.1189,1.161,1.1136,1.1537
31/10/2008 0:00,1.1538,1.1569,1.1337,1.1453
3/11/2008 0:00,1.1452,1.1552,1.1273,1.1493
4/11/2008 0:00,1.1494,1.1537,1.1283,1.1297
5/11/2008 0:00,1.1298,1.1598,1.1275,1.1415
6/11/2008 0:00,1.142,1.1557,1.1306,1.1323
7/11/2008 0:00,1.1322,1.1475,1.1305,1.1376
10/11/2008 0:00,1.1373,1.1538,1.1305,1.149
11/11/2008 0:00,1.1488,1.1596,1.1454,1.1477
12/11/2008 0:00,1.1476,1.1521,1.1382,1.146
13/11/2008 0:00,1.1461,1.1511,1.1379,1.144
14/11/2008 0:00,1.1442,1.1729,1.1432,1.1654
17/11/2008 0:00,1.1653,1.182,1.1606,1.1716
18/11/2008 0:00,1.1717,1.1817,1.1631,1.175
19/11/2008 0:00,1.1751,1.1887,1.1687,1.1734
20/11/2008 0:00,1.1735,1.1879,1.1727,1.1794
21/11/2008 0:00,1.1795,1.1796,1.1595,1.1731
24/11/2008 0:00,1.1733,1.1866,1.1667,1.1831
25/11/2008 0:00,1.1829,1.1957,1.1769,1.1857
26/11/2008 0:00,1.1858,1.1949,1.1758,1.1778
27/11/2008 0:00,1.1779,1.1861,1.176,1.1789
28/11/2008 0:00,1.1807,1.1937,1.1802,1.1904
1/12/2008 0:00,1.1899,1.1988,1.1872,1.1963
2/12/2008 0:00,1.1964,1.2123,1.1944,1.2086
3/12/2008 0:00,1.2088,1.2204,1.202,1.219
4/12/2008 0:00,1.2189,1.2209,1.2101,1.2151
5/12/2008 0:00,1.215,1.2178,1.2016,1.2102
8/12/2008 0:00,1.2099,1.2278,1.2047,1.222
9/12/2008 0:00,1.2219,1.2295,1.211,1.2159
10/12/2008 0:00,1.216,1.2219,1.207,1.2108
11/12/2008 0:00,1.2107,1.2142,1.2014,1.2035
12/12/2008 0:00,1.2034,1.2256,1.1995,1.2026
15/12/2008 0:00,1.2024,1.222,1.197,1.2114
16/12/2008 0:00,1.2113,1.2138,1.1972,1.1983
17/12/2008 0:00,1.1984,1.2101,1.1909,1.2011
18/12/2008 0:00,1.2009,1.2043,1.1803,1.1884
19/12/2008 0:00,1.1885,1.1892,1.1672,1.1848
22/12/2008 0:00,1.1853,1.1931,1.1793,1.1814
23/12/2008 0:00,1.1812,1.1989,1.179,1.1907
24/12/2008 0:00,1.1906,1.2052,1.1897,1.194
26/12/2008 0:00,1.1945,1.1949,1.1817,1.1904
29/12/2008 0:00,1.1894,1.1982,1.1832,1.19
30/12/2008 0:00,1.1901,1.1958,1.1846,1.1881
31/12/2008 0:00,1.1879,1.203,1.1862,1.1957
2/01/2009 0:00,1.197,1.2132,1.1906,1.2067
5/01/2009 0:00,1.2065,1.216,1.1971,1.2068
6/01/2009 0:00,1.2067,1.2214,1.206,1.2174
7/01/2009 0:00,1.2173,1.2209,1.2046,1.2092
8/01/2009 0:00,1.2092,1.2148,1.1987,1.2041
9/01/2009 0:00,1.2038,1.2078,1.1891,1.1938
12/01/2009 0:00,1.1932,1.2001,1.1776,1.1801
13/01/2009 0:00,1.1802,1.2072,1.1762,1.2053
14/01/2009 0:00,1.2055,1.2179,1.2011,1.2148
15/01/2009 0:00,1.2148,1.2365,1.2134,1.2323
16/01/2009 0:00,1.2322,1.2441,1.2267,1.2332
19/01/2009 0:00,1.2331,1.2407,1.2261,1.2325
20/01/2009 0:00,1.2324,1.2495,1.2287,1.2418
21/01/2009 0:00,1.2423,1.253,1.238,1.241
22/01/2009 0:00,1.2411,1.2521,1.2378,1.2429
23/01/2009 0:00,1.2427,1.2489,1.2344,1.2369
26/01/2009 0:00,1.2367,1.2445,1.2306,1.2396
27/01/2009 0:00,1.2394,1.2608,1.2341,1.2573
28/01/2009 0:00,1.2572,1.2613,1.2474,1.258
29/01/2009 0:00,1.2582,1.2809,1.2493,1.2756
30/01/2009 0:00,1.2757,1.2815,1.2624,1.2631
2/02/2009 0:00,1.2628,1.2666,1.2472,1.2564
3/02/2009 0:00,1.2564,1.265,1.248,1.2634
4/02/2009 0:00,1.2635,1.2743,1.2579,1.2672
5/02/2009 0:00,1.2674,1.2756,1.2568,1.2631
6/02/2009 0:00,1.263,1.2761,1.2609,1.2738
9/02/2009 0:00,1.2742,1.2762,1.2651,1.2673
10/02/2009 0:00,1.2673,1.2711,1.2553,1.259
11/02/2009 0:00,1.259,1.2599,1.2433,1.2491
12/02/2009 0:00,1.249,1.2576,1.2437,1.2495
13/02/2009 0:00,1.2493,1.2588,1.2431,1.2565
16/02/2009 0:00,1.2566,1.2594,1.2481,1.2575
17/02/2009 0:00,1.2571,1.26,1.2504,1.2563
18/02/2009 0:00,1.2562,1.2622,1.2491,1.2557
19/02/2009 0:00,1.2557,1.258,1.2479,1.2567
20/02/2009 0:00,1.2566,1.2723,1.254,1.2695
23/02/2009 0:00,1.2699,1.2719,1.2573,1.2669
24/02/2009 0:00,1.2668,1.27,1.2582,1.2632
25/02/2009 0:00,1.2632,1.2716,1.26,1.267
26/02/2009 0:00,1.2671,1.2767,1.2613,1.2723
27/02/2009 0:00,1.2719,1.2817,1.2695,1.2762
2/03/2009 0:00,1.2763,1.2862,1.2697,1.2833
3/03/2009 0:00,1.2834,1.2898,1.2773,1.2881
4/03/2009 0:00,1.2882,1.2944,1.2775,1.2781
5/03/2009 0:00,1.2782,1.2879,1.2768,1.2814
6/03/2009 0:00,1.2811,1.2841,1.2761,1.2805
9/03/2009 0:00,1.2803,1.2816,1.269,1.2739
10/03/2009 0:00,1.2739,1.2872,1.2721,1.2844
11/03/2009 0:00,1.2845,1.2899,1.2802,1.2861
12/03/2009 0:00,1.2862,1.2882,1.2647,1.266
13/03/2009 0:00,1.2661,1.2672,1.2525,1.2588
16/03/2009 0:00,1.2589,1.2628,1.2514,1.2532
17/03/2009 0:00,1.2534,1.255,1.2414,1.2446
18/03/2009 0:00,1.2445,1.2544,1.2419,1.2506
19/03/2009 0:00,1.2505,1.2551,1.2404,1.2478
20/03/2009 0:00,1.2478,1.2513,1.233,1.2346
23/03/2009 0:00,1.2346,1.2388,1.2275,1.2335
24/03/2009 0:00,1.2338,1.24,1.2267,1.2377
25/03/2009 0:00,1.2375,1.2453,1.2331,1.2439
26/03/2009 0:00,1.2439,1.2498,1.2167,1.217
27/03/2009 0:00,1.217,1.2244,1.2096,1.2173
30/03/2009 0:00,1.2174,1.2209,1.2096,1.2193
31/03/2009 0:00,1.2189,1.2203,1.2075,1.2112
1/04/2009 0:00,1.2114,1.2396,1.2073,1.2367
2/04/2009 0:00,1.2369,1.2445,1.2282,1.2388
3/04/2009 0:00,1.2387,1.2421,1.2205,1.223
6/04/2009 0:00,1.223,1.2276,1.2047,1.2117
7/04/2009 0:00,1.2117,1.2229,1.2041,1.2201
8/04/2009 0:00,1.2197,1.24,1.2178,1.2352
9/04/2009 0:00,1.2352,1.2373,1.2208,1.2248
10/04/2009 0:00,1.2247,1.2374,1.2204,1.2363
13/04/2009 0:00,1.2368,1.2422,1.2323,1.235
14/04/2009 0:00,1.2351,1.244,1.2322,1.2352
15/04/2009 0:00,1.2352,1.2464,1.2315,1.2425
16/04/2009 0:00,1.2426,1.2673,1.2406,1.2612
17/04/2009 0:00,1.2613,1.2695,1.2539,1.257
20/04/2009 0:00,1.2569,1.2776,1.2554,1.2686
21/04/2009 0:00,1.2687,1.2712,1.2569,1.2644
22/04/2009 0:00,1.2643,1.2705,1.2578,1.2682
23/04/2009 0:00,1.2683,1.2758,1.2631,1.2694
24/04/2009 0:00,1.2696,1.2768,1.2662,1.2689
27/04/2009 0:00,1.269,1.2726,1.2603,1.2622
28/04/2009 0:00,1.2625,1.2698,1.2487,1.2663
29/04/2009 0:00,1.2662,1.2682,1.2572,1.263
30/04/2009 0:00,1.2629,1.2877,1.2572,1.2852
1/05/2009 0:00,1.2851,1.2948,1.2786,1.2871
4/05/2009 0:00,1.2869,1.2904,1.2783,1.2816
5/05/2009 0:00,1.2818,1.2907,1.2783,1.2823
6/05/2009 0:00,1.2822,1.2889,1.2736,1.2753
7/05/2009 0:00,1.2751,1.2869,1.2708,1.2827
8/05/2009 0:00,1.2824,1.2854,1.2684,1.2728
11/05/2009 0:00,1.2731,1.2792,1.258,1.2592
12/05/2009 0:00,1.2592,1.2709,1.2565,1.2652
13/05/2009 0:00,1.2649,1.2697,1.2596,1.2678
14/05/2009 0:00,1.2679,1.2795,1.2649,1.2736
15/05/2009 0:00,1.2739,1.2852,1.2666,1.2827
18/05/2009 0:00,1.2826,1.2861,1.2756,1.2767
19/05/2009 0:00,1.2766,1.2907,1.2761,1.2843
20/05/2009 0:00,1.2844,1.2914,1.2797,1.2855
21/05/2009 0:00,1.2853,1.2871,1.2739,1.2758
22/05/2009 0:00,1.2757,1.2802,1.2661,1.2685
25/05/2009 0:00,1.2687,1.2721,1.2609,1.2632
26/05/2009 0:00,1.2632,1.2636,1.2559,1.2586
27/05/2009 0:00,1.2585,1.2672,1.2553,1.2632
28/05/2009 0:00,1.2636,1.2733,1.2579,1.2666
29/05/2009 0:00,1.2667,1.2672,1.2491,1.2571
1/06/2009 0:00,1.2572,1.2584,1.2468,1.2524
2/06/2009 0:00,1.2525,1.2536,1.2384,1.2516
3/06/2009 0:00,1.2515,1.2619,1.2454,1.2608
4/06/2009 0:00,1.2612,1.2716,1.2583,1.2676
5/06/2009 0:00,1.2676,1.2733,1.2601,1.2629
8/06/2009 0:00,1.2628,1.2711,1.2605,1.2701
9/06/2009 0:00,1.2698,1.2754,1.2657,1.2731
10/06/2009 0:00,1.2732,1.2813,1.2713,1.2775
11/06/2009 0:00,1.2776,1.2826,1.2643,1.2718
12/06/2009 0:00,1.2719,1.275,1.2638,1.2652
15/06/2009 0:00,1.2653,1.2715,1.2613,1.2663
16/06/2009 0:00,1.2662,1.2699,1.2556,1.2589
17/06/2009 0:00,1.2593,1.2622,1.2532,1.257
18/06/2009 0:00,1.257,1.2614,1.2498,1.2568
19/06/2009 0:00,1.2568,1.2581,1.2473,1.2523
22/06/2009 0:00,1.252,1.26,1.2479,1.2537
23/06/2009 0:00,1.2537,1.2557,1.2462,1.2486
24/06/2009 0:00,1.2486,1.2496,1.2384,1.2424
25/06/2009 0:00,1.2422,1.2497,1.2381,1.2476
26/06/2009 0:00,1.2478,1.2536,1.2407,1.2509
29/06/2009 0:00,1.251,1.2527,1.2438,1.2464
30/06/2009 0:00,1.2464,1.2469,1.2379,1.241
1/07/2009 0:00,1.241,1.2511,1.2392,1.2487
2/07/2009 0:00,1.2487,1.2645,1.2463,1.2603
3/07/2009 0:00,1.2602,1.2685,1.257,1.2635
6/07/2009 0:00,1.2639,1.2679,1.2572,1.2656
7/07/2009 0:00,1.2657,1.2667,1.2493,1.2525
8/07/2009 0:00,1.2525,1.2585,1.2494,1.2516
9/07/2009 0:00,1.2515,1.2544,1.2387,1.2454
10/07/2009 0:00,1.2453,1.2461,1.237,1.2417
13/07/2009 0:00,1.2418,1.2456,1.2337,1.2402
14/07/2009 0:00,1.2402,1.2459,1.2345,1.2384
15/07/2009 0:00,1.2383,1.2441,1.2358,1.2387
16/07/2009 0:00,1.2388,1.2473,1.2333,1.2395
17/07/2009 0:00,1.2396,1.2496,1.2377,1.2417
20/07/2009 0:00,1.2418,1.2468,1.2394,1.2441
21/07/2009 0:00,1.2441,1.2456,1.2372,1.2416
22/07/2009 0:00,1.2417,1.2467,1.2373,1.2438
23/07/2009 0:00,1.244,1.2454,1.2352,1.2395
24/07/2009 0:00,1.2396,1.2451,1.237,1.2425
27/07/2009 0:00,1.2426,1.2492,1.2409,1.2472
28/07/2009 0:00,1.2472,1.2568,1.2465,1.2563
29/07/2009 0:00,1.2563,1.2587,1.2521,1.2535
30/07/2009 0:00,1.2535,1.2592,1.241,1.2578
31/07/2009 0:00,1.2582,1.2675,1.2558,1.2636
3/08/2009 0:00,1.2636,1.267,1.2599,1.2633
4/08/2009 0:00,1.2632,1.2645,1.2582,1.2634
5/08/2009 0:00,1.2634,1.2658,1.2508,1.2533
6/08/2009 0:00,1.2533,1.258,1.2437,1.2564
7/08/2009 0:00,1.2564,1.2581,1.247,1.2479
10/08/2009 0:00,1.248,1.2499,1.2386,1.2458
11/08/2009 0:00,1.2458,1.2476,1.2352,1.2364
12/08/2009 0:00,1.2363,1.2466,1.2352,1.2395
13/08/2009 0:00,1.2402,1.2431,1.2357,1.2411
14/08/2009 0:00,1.2409,1.2457,1.2364,1.2402
17/08/2009 0:00,1.2403,1.241,1.2241,1.2276
18/08/2009 0:00,1.2276,1.2331,1.2241,1.2295
19/08/2009 0:00,1.2295,1.2304,1.2197,1.2265
20/08/2009 0:00,1.2266,1.2302,1.2226,1.2286
21/08/2009 0:00,1.2286,1.2328,1.2213,1.2235
24/08/2009 0:00,1.2236,1.2289,1.2188,1.2247
25/08/2009 0:00,1.225,1.2279,1.219,1.2206
26/08/2009 0:00,1.2205,1.2227,1.2175,1.218
27/08/2009 0:00,1.218,1.219,1.212,1.218
28/08/2009 0:00,1.218,1.2249,1.2171,1.222
31/08/2009 0:00,1.222,1.2326,1.22,1.229
1/09/2009 0:00,1.229,1.2321,1.2257,1.2279
2/09/2009 0:00,1.228,1.2306,1.2207,1.2291
3/09/2009 0:00,1.2292,1.2413,1.2278,1.236
4/09/2009 0:00,1.2359,1.2401,1.2327,1.2354
7/09/2009 0:00,1.2354,1.2389,1.2298,1.2366
8/09/2009 0:00,1.2366,1.2384,1.2317,1.2355
9/09/2009 0:00,1.2354,1.2417,1.2336,1.2341
10/09/2009 0:00,1.234,1.2468,1.2326,1.233
11/09/2009 0:00,1.233,1.2368,1.2251,1.2271
14/09/2009 0:00,1.2272,1.2284,1.219,1.2266
15/09/2009 0:00,1.2267,1.2299,1.2248,1.2266
16/09/2009 0:00,1.2266,1.2288,1.2233,1.2265
17/09/2009 0:00,1.2265,1.227,1.2205,1.225
18/09/2009 0:00,1.2251,1.228,1.2232,1.2253
21/09/2009 0:00,1.2254,1.2263,1.2213,1.2232
22/09/2009 0:00,1.2231,1.2252,1.2087,1.2104
23/09/2009 0:00,1.2104,1.2156,1.2008,1.2056
24/09/2009 0:00,1.2056,1.2101,1.2035,1.209
25/09/2009 0:00,1.2089,1.2117,1.2033,1.2089
28/09/2009 0:00,1.2089,1.2106,1.1986,1.2059
29/09/2009 0:00,1.2059,1.2187,1.2054,1.2162
30/09/2009 0:00,1.2162,1.2213,1.2118,1.2184
1/10/2009 0:00,1.2184,1.2238,1.2172,1.2214
2/10/2009 0:00,1.2213,1.2238,1.2142,1.221
5/10/2009 0:00,1.221,1.2214,1.2042,1.2116
6/10/2009 0:00,1.2115,1.2165,1.1932,1.2043
7/10/2009 0:00,1.2042,1.215,1.2029,1.2103
8/10/2009 0:00,1.2102,1.2195,1.206,1.2186
9/10/2009 0:00,1.2185,1.2235,1.2174,1.2225
12/10/2009 0:00,1.2224,1.2428,1.2208,1.2413
13/10/2009 0:00,1.2412,1.2415,1.228,1.2302
14/10/2009 0:00,1.2303,1.2359,1.2259,1.2338
15/10/2009 0:00,1.2336,1.239,1.2284,1.2329
16/10/2009 0:00,1.2328,1.2394,1.2304,1.2373
19/10/2009 0:00,1.2374,1.2421,1.2326,1.2339
20/10/2009 0:00,1.2339,1.2353,1.2249,1.2314
21/10/2009 0:00,1.2314,1.2355,1.2276,1.2303
22/10/2009 0:00,1.2303,1.2311,1.2194,1.2277
23/10/2009 0:00,1.2278,1.2279,1.2203,1.2265
26/10/2009 0:00,1.2266,1.2276,1.2188,1.225
27/10/2009 0:00,1.2249,1.2299,1.2221,1.2278
28/10/2009 0:00,1.2278,1.233,1.2243,1.2298
29/10/2009 0:00,1.2299,1.2515,1.2288,1.2499
30/10/2009 0:00,1.2499,1.2548,1.2422,1.2505
2/11/2009 0:00,1.2505,1.2593,1.2476,1.254
3/11/2009 0:00,1.254,1.2599,1.2485,1.25
4/11/2009 0:00,1.25,1.2573,1.2459,1.2529
5/11/2009 0:00,1.2529,1.2627,1.2479,1.2572
6/11/2009 0:00,1.2572,1.2664,1.2567,1.2642
9/11/2009 0:00,1.2642,1.267,1.2521,1.256
10/11/2009 0:00,1.256,1.2591,1.2484,1.2531
11/11/2009 0:00,1.2531,1.2561,1.25,1.2541
12/11/2009 0:00,1.2539,1.2629,1.2535,1.2608
13/11/2009 0:00,1.2609,1.2644,1.2577,1.2619
16/11/2009 0:00,1.262,1.2635,1.2524,1.2566
17/11/2009 0:00,1.2567,1.2577,1.2476,1.2485
18/11/2009 0:00,1.2484,1.2492,1.2438,1.2473
19/11/2009 0:00,1.2471,1.2533,1.244,1.2523
20/11/2009 0:00,1.2524,1.262,1.2517,1.2584
23/11/2009 0:00,1.2583,1.2685,1.2567,1.2639
24/11/2009 0:00,1.264,1.2654,1.2582,1.2628
25/11/2009 0:00,1.2628,1.2723,1.2615,1.2702
26/11/2009 0:00,1.2702,1.2764,1.2664,1.2746
27/11/2009 0:00,1.2746,1.2786,1.2684,1.2706
30/11/2009 0:00,1.2708,1.2817,1.2691,1.2737
1/12/2009 0:00,1.2739,1.2809,1.2687,1.2715
2/12/2009 0:00,1.2714,1.2758,1.2662,1.2745
3/12/2009 0:00,1.2746,1.2816,1.2721,1.2785
4/12/2009 0:00,1.2786,1.284,1.2761,1.2779
7/12/2009 0:00,1.2779,1.28,1.2731,1.2761
8/12/2009 0:00,1.2762,1.2812,1.2749,1.2781
9/12/2009 0:00,1.2782,1.2807,1.2759,1.2787
10/12/2009 0:00,1.2786,1.2795,1.2565,1.2625
11/12/2009 0:00,1.2625,1.2629,1.2534,1.2598
14/12/2009 0:00,1.2599,1.2621,1.2509,1.2551
15/12/2009 0:00,1.2552,1.2607,1.254,1.2576
16/12/2009 0:00,1.2577,1.2584,1.2504,1.2515
17/12/2009 0:00,1.2514,1.2541,1.2464,1.2486
18/12/2009 0:00,1.2487,1.2516,1.2445,1.2483
21/12/2009 0:00,1.2479,1.2538,1.2472,1.2488
22/12/2009 0:00,1.2489,1.2507,1.2453,1.2495
23/12/2009 0:00,1.2496,1.2548,1.246,1.2533
24/12/2009 0:00,1.2532,1.2538,1.2468,1.2492
28/12/2009 0:00,1.2493,1.254,1.245,1.2521
29/12/2009 0:00,1.2522,1.2544,1.2509,1.254
30/12/2009 0:00,1.2541,1.2552,1.2426,1.2457
31/12/2009 0:00,1.2455,1.2474,1.2321,1.2352
4/01/2010 0:00,1.2351,1.2446,1.2327,1.2437
5/01/2010 0:00,1.2435,1.2466,1.2402,1.2445
6/01/2010 0:00,1.2446,1.2464,1.2396,1.2448
7/01/2010 0:00,1.2448,1.2507,1.2444,1.2487
8/01/2010 0:00,1.2485,1.2535,1.2477,1.2515
11/01/2010 0:00,1.2515,1.2597,1.2494,1.2574
12/01/2010 0:00,1.2574,1.2594,1.2503,1.2522
13/01/2010 0:00,1.2523,1.2535,1.2436,1.246
14/01/2010 0:00,1.2461,1.2555,1.2444,1.2542
15/01/2010 0:00,1.2543,1.2563,1.2507,1.2554
18/01/2010 0:00,1.2553,1.2563,1.2478,1.2511
19/01/2010 0:00,1.2511,1.2549,1.2503,1.251
20/01/2010 0:00,1.2509,1.2594,1.2478,1.257
21/01/2010 0:00,1.2572,1.2676,1.2564,1.2654
22/01/2010 0:00,1.2653,1.2688,1.2616,1.2665
25/01/2010 0:00,1.2666,1.272,1.2642,1.2663
26/01/2010 0:00,1.2663,1.2706,1.2634,1.2662
27/01/2010 0:00,1.2663,1.2763,1.2644,1.2752
28/01/2010 0:00,1.2752,1.2759,1.265,1.2696
29/01/2010 0:00,1.2697,1.271,1.2645,1.2656
1/02/2010 0:00,1.2656,1.2663,1.2544,1.2584
2/02/2010 0:00,1.2584,1.2603,1.2449,1.2457
3/02/2010 0:00,1.2457,1.2472,1.2411,1.2456
4/02/2010 0:00,1.2456,1.2636,1.2447,1.2618
5/02/2010 0:00,1.2619,1.2661,1.2559,1.2584
8/02/2010 0:00,1.2584,1.2623,1.2529,1.2592
9/02/2010 0:00,1.2592,1.2665,1.2567,1.265
10/02/2010 0:00,1.2651,1.2654,1.2601,1.2617
11/02/2010 0:00,1.2617,1.2725,1.2601,1.2707
12/02/2010 0:00,1.2708,1.2767,1.2679,1.2748
15/02/2010 0:00,1.2747,1.2761,1.2704,1.2725
16/02/2010 0:00,1.2724,1.276,1.2707,1.2718
17/02/2010 0:00,1.2717,1.2781,1.2682,1.2774
18/02/2010 0:00,1.2775,1.2797,1.2742,1.2783
19/02/2010 0:00,1.2783,1.2837,1.2745,1.2796
22/02/2010 0:00,1.2795,1.2875,1.2793,1.2827
23/02/2010 0:00,1.2826,1.2843,1.281,1.283
24/02/2010 0:00,1.2831,1.2878,1.2826,1.2864
25/02/2010 0:00,1.2865,1.2927,1.2854,1.2908
26/02/2010 0:00,1.291,1.2914,1.2794,1.2825
1/03/2010 0:00,1.2826,1.2857,1.2757,1.2839
2/03/2010 0:00,1.2839,1.2903,1.2836,1.2896
3/03/2010 0:00,1.2895,1.2997,1.2892,1.2966
4/03/2010 0:00,1.2967,1.31,1.296,1.3068
5/03/2010 0:00,1.3068,1.3122,1.3044,1.3093
8/03/2010 0:00,1.3092,1.3103,1.2978,1.3006
9/03/2010 0:00,1.3007,1.3024,1.2963,1.3009
10/03/2010 0:00,1.3009,1.3034,1.2944,1.2954
11/03/2010 0:00,1.2954,1.3074,1.2925,1.307
12/03/2010 0:00,1.3071,1.3098,1.3033,1.3067
15/03/2010 0:00,1.3068,1.3086,1.3015,1.302
16/03/2010 0:00,1.3021,1.3043,1.296,1.2985
17/03/2010 0:00,1.2985,1.3014,1.2879,1.2895
18/03/2010 0:00,1.2895,1.2942,1.2868,1.2928
19/03/2010 0:00,1.2928,1.2937,1.2852,1.2883
22/03/2010 0:00,1.2883,1.2951,1.2875,1.2938
23/03/2010 0:00,1.2939,1.3002,1.2909,1.2967
24/03/2010 0:00,1.2968,1.3043,1.2951,1.302
25/03/2010 0:00,1.3017,1.3036,1.2895,1.2951
26/03/2010 0:00,1.2952,1.296,1.2854,1.2879
29/03/2010 0:00,1.288,1.2886,1.2812,1.2838
30/03/2010 0:00,1.2838,1.2938,1.2831,1.2928
31/03/2010 0:00,1.2929,1.2951,1.288,1.2886
1/04/2010 0:00,1.2887,1.2997,1.2874,1.2988
2/04/2010 0:00,1.2987,1.3034,1.2973,1.3005
5/04/2010 0:00,1.3005,1.3056,1.2985,1.3049
6/04/2010 0:00,1.3049,1.3112,1.3044,1.3068
7/04/2010 0:00,1.3068,1.3231,1.3049,1.3148
8/04/2010 0:00,1.3148,1.3188,1.3077,1.315
9/04/2010 0:00,1.3151,1.3174,1.3112,1.3116
12/04/2010 0:00,1.3116,1.3119,1.3013,1.3044
13/04/2010 0:00,1.3045,1.3048,1.2958,1.2961
14/04/2010 0:00,1.2962,1.3097,1.2942,1.3077
15/04/2010 0:00,1.3078,1.3122,1.3062,1.3072
16/04/2010 0:00,1.3073,1.3132,1.3058,1.3078
19/04/2010 0:00,1.3077,1.3101,1.2963,1.2972
20/04/2010 0:00,1.2973,1.3069,1.2939,1.3064
21/04/2010 0:00,1.3064,1.3116,1.3056,1.3103
22/04/2010 0:00,1.3102,1.311,1.3017,1.3032
23/04/2010 0:00,1.3033,1.306,1.296,1.2962
26/04/2010 0:00,1.2962,1.297,1.2884,1.2898
27/04/2010 0:00,1.2897,1.2928,1.2804,1.2834
28/04/2010 0:00,1.2835,1.2914,1.2803,1.2882
29/04/2010 0:00,1.2883,1.2904,1.2787,1.2884
30/04/2010 0:00,1.2884,1.29,1.2805,1.2825
3/05/2010 0:00,1.2825,1.2832,1.2638,1.2686
4/05/2010 0:00,1.2686,1.2715,1.2646,1.2684
5/05/2010 0:00,1.2683,1.2686,1.2594,1.2619
6/05/2010 0:00,1.2617,1.2671,1.2446,1.2473
7/05/2010 0:00,1.2473,1.2538,1.2406,1.2509
10/05/2010 0:00,1.251,1.2549,1.2394,1.2482
11/05/2010 0:00,1.2483,1.2527,1.2428,1.2483
12/05/2010 0:00,1.2483,1.2508,1.2446,1.2475
13/05/2010 0:00,1.2476,1.2543,1.2448,1.2531
14/05/2010 0:00,1.2532,1.2585,1.25,1.256
17/05/2010 0:00,1.256,1.2572,1.2442,1.2485
18/05/2010 0:00,1.2486,1.2603,1.2479,1.2533
19/05/2010 0:00,1.2533,1.2546,1.2436,1.2459
20/05/2010 0:00,1.246,1.258,1.2288,1.2322
21/05/2010 0:00,1.2323,1.2387,1.2125,1.2334
24/05/2010 0:00,1.2332,1.2366,1.2183,1.2284
25/05/2010 0:00,1.2283,1.2359,1.224,1.2265
26/05/2010 0:00,1.2265,1.2379,1.2246,1.2372
27/05/2010 0:00,1.2373,1.2485,1.234,1.2414
28/05/2010 0:00,1.2413,1.2484,1.2384,1.2467
31/05/2010 0:00,1.2468,1.2508,1.2412,1.2425
1/06/2010 0:00,1.2426,1.2461,1.2359,1.2361
2/06/2010 0:00,1.2362,1.24,1.2284,1.232
3/06/2010 0:00,1.2321,1.2383,1.2282,1.2373
4/06/2010 0:00,1.2374,1.2378,1.2308,1.2342
7/06/2010 0:00,1.2343,1.2355,1.2207,1.2266
8/06/2010 0:00,1.2266,1.2375,1.2232,1.2328
9/06/2010 0:00,1.2326,1.2411,1.2321,1.2399
10/06/2010 0:00,1.2399,1.2435,1.2291,1.2357
11/06/2010 0:00,1.2357,1.2406,1.2335,1.2399
14/06/2010 0:00,1.2399,1.2412,1.227,1.2354
15/06/2010 0:00,1.2353,1.2386,1.2321,1.2354
16/06/2010 0:00,1.2355,1.2407,1.2329,1.2406
17/06/2010 0:00,1.2406,1.2447,1.2331,1.2342
18/06/2010 0:00,1.2343,1.2359,1.2278,1.2339
21/06/2010 0:00,1.2339,1.2399,1.2305,1.2386
22/06/2010 0:00,1.2387,1.2418,1.2353,1.2396
23/06/2010 0:00,1.2395,1.2416,1.2354,1.2374
24/06/2010 0:00,1.2373,1.2379,1.2218,1.2284
25/06/2010 0:00,1.2284,1.2328,1.2203,1.2237
28/06/2010 0:00,1.2237,1.2314,1.2205,1.2303
29/06/2010 0:00,1.2302,1.2345,1.2293,1.232
30/06/2010 0:00,1.2321,1.2337,1.2228,1.2272
1/07/2010 0:00,1.2272,1.2365,1.222,1.2227
2/07/2010 0:00,1.2226,1.2284,1.2188,1.2218
5/07/2010 0:00,1.2217,1.2258,1.212,1.2218
6/07/2010 0:00,1.2217,1.2227,1.2163,1.2197
7/07/2010 0:00,1.2197,1.23,1.2181,1.2241
8/07/2010 0:00,1.2242,1.2373,1.2222,1.2354
9/07/2010 0:00,1.2356,1.2407,1.2326,1.2328
12/07/2010 0:00,1.2327,1.2382,1.2319,1.2354
13/07/2010 0:00,1.2353,1.2356,1.2255,1.2268
14/07/2010 0:00,1.2269,1.2316,1.2229,1.2293
15/07/2010 0:00,1.2292,1.2303,1.2184,1.2208
16/07/2010 0:00,1.2208,1.2221,1.2095,1.2155
19/07/2010 0:00,1.2156,1.2301,1.2149,1.2274
20/07/2010 0:00,1.2275,1.2331,1.2231,1.2323
21/07/2010 0:00,1.2324,1.2347,1.2285,1.2308
22/07/2010 0:00,1.2309,1.2329,1.2271,1.2302
23/07/2010 0:00,1.2302,1.2341,1.227,1.2321
26/07/2010 0:00,1.232,1.2348,1.2266,1.2296
27/07/2010 0:00,1.2296,1.232,1.2262,1.2287
28/07/2010 0:00,1.2286,1.2336,1.2205,1.2252
29/07/2010 0:00,1.2251,1.2386,1.2219,1.2373
30/07/2010 0:00,1.2373,1.2494,1.236,1.2456
2/08/2010 0:00,1.2456,1.2503,1.2413,1.2477
3/08/2010 0:00,1.2476,1.2489,1.2403,1.2433
4/08/2010 0:00,1.2433,1.2458,1.2396,1.2426
5/08/2010 0:00,1.2424,1.2579,1.2407,1.2553
6/08/2010 0:00,1.2553,1.2594,1.2504,1.2564
9/08/2010 0:00,1.2565,1.2595,1.2506,1.2533
10/08/2010 0:00,1.2533,1.2606,1.2531,1.2599
11/08/2010 0:00,1.26,1.2647,1.2574,1.2623
12/08/2010 0:00,1.2623,1.2624,1.2527,1.2556
13/08/2010 0:00,1.2557,1.2651,1.2549,1.2623
16/08/2010 0:00,1.2624,1.2668,1.2572,1.2649
17/08/2010 0:00,1.2647,1.2722,1.2637,1.2711
18/08/2010 0:00,1.2711,1.2723,1.2673,1.2681
19/08/2010 0:00,1.2681,1.269,1.2533,1.2586
20/08/2010 0:00,1.2586,1.2669,1.2566,1.2594
23/08/2010 0:00,1.2593,1.2661,1.256,1.2607
24/08/2010 0:00,1.2608,1.265,1.2581,1.2618
25/08/2010 0:00,1.2617,1.2627,1.2515,1.2581
26/08/2010 0:00,1.2581,1.2655,1.2569,1.2613
27/08/2010 0:00,1.2614,1.2634,1.2561,1.2566
30/08/2010 0:00,1.2567,1.2674,1.2563,1.2643
31/08/2010 0:00,1.2642,1.2721,1.2592,1.2708
1/09/2010 0:00,1.2708,1.2822,1.269,1.2792
2/09/2010 0:00,1.2792,1.2829,1.2696,1.2723
3/09/2010 0:00,1.2722,1.2755,1.2675,1.2717
6/09/2010 0:00,1.2717,1.2744,1.2673,1.2682
7/09/2010 0:00,1.2683,1.2705,1.2643,1.2662
8/09/2010 0:00,1.2663,1.2725,1.2608,1.2715
9/09/2010 0:00,1.2714,1.2784,1.2681,1.2764
10/09/2010 0:00,1.2764,1.277,1.2718,1.2731
13/09/2010 0:00,1.273,1.2751,1.2683,1.2742
14/09/2010 0:00,1.2743,1.2808,1.2703,1.2802
15/09/2010 0:00,1.2803,1.2828,1.2752,1.2804
16/09/2010 0:00,1.2804,1.2925,1.2771,1.2901
17/09/2010 0:00,1.2902,1.2961,1.2878,1.2925
20/09/2010 0:00,1.2925,1.2967,1.2878,1.2964
21/09/2010 0:00,1.2965,1.3007,1.294,1.2984
22/09/2010 0:00,1.2983,1.3021,1.2949,1.298
23/09/2010 0:00,1.2981,1.3063,1.2912,1.3047
24/09/2010 0:00,1.3047,1.308,1.2989,1.3044
27/09/2010 0:00,1.3043,1.3078,1.3023,1.3042
28/09/2010 0:00,1.3042,1.3096,1.304,1.3068
29/09/2010 0:00,1.3069,1.3096,1.3067,1.3092
30/09/2010 0:00,1.3093,1.3178,1.3084,1.3137
1/10/2010 0:00,1.3138,1.3178,1.3091,1.3136
4/10/2010 0:00,1.3135,1.3157,1.3039,1.3049
5/10/2010 0:00,1.3049,1.3116,1.296,1.2971
6/10/2010 0:00,1.2972,1.3,1.289,1.2978
7/10/2010 0:00,1.2977,1.3079,1.2943,1.3045
8/10/2010 0:00,1.3044,1.3123,1.3032,1.306
11/10/2010 0:00,1.3061,1.3113,1.3017,1.3063
12/10/2010 0:00,1.3064,1.3099,1.3048,1.306
13/10/2010 0:00,1.3059,1.3081,1.3015,1.3031
14/10/2010 0:00,1.303,1.3094,1.2974,1.3074
15/10/2010 0:00,1.3074,1.3117,1.3053,1.3086
18/10/2010 0:00,1.3087,1.3138,1.3062,1.3091
19/10/2010 0:00,1.3089,1.3119,1.3052,1.3084
20/10/2010 0:00,1.3085,1.3114,1.2975,1.3067
21/10/2010 0:00,1.3067,1.31,1.3038,1.3097
22/10/2010 0:00,1.3098,1.3134,1.3085,1.3097
25/10/2010 0:00,1.3098,1.3198,1.3081,1.3187
26/10/2010 0:00,1.3188,1.3216,1.3144,1.3162
27/10/2010 0:00,1.3161,1.3179,1.3002,1.3009
28/10/2010 0:00,1.3008,1.3078,1.3,1.3045
29/10/2010 0:00,1.3044,1.305,1.2934,1.2947
1/11/2010 0:00,1.2946,1.296,1.2797,1.2893
2/11/2010 0:00,1.2893,1.3072,1.2844,1.3046
3/11/2010 0:00,1.3046,1.3053,1.2916,1.293
4/11/2010 0:00,1.2929,1.293,1.2741,1.2798
5/11/2010 0:00,1.2799,1.2806,1.2713,1.2797
8/11/2010 0:00,1.2797,1.2835,1.2726,1.2819
9/11/2010 0:00,1.2819,1.2879,1.2793,1.2875
10/11/2010 0:00,1.2877,1.2958,1.2833,1.2874
11/11/2010 0:00,1.2873,1.2891,1.2763,1.2778
12/11/2010 0:00,1.2779,1.2817,1.2756,1.2792
15/11/2010 0:00,1.2793,1.28,1.2707,1.2776
16/11/2010 0:00,1.2776,1.2789,1.2721,1.2752
17/11/2010 0:00,1.2752,1.2758,1.2682,1.2732
18/11/2010 0:00,1.2731,1.2752,1.2679,1.2708
19/11/2010 0:00,1.2709,1.2746,1.2696,1.27
22/11/2010 0:00,1.2699,1.285,1.2638,1.2833
23/11/2010 0:00,1.2833,1.2845,1.2744,1.2779
24/11/2010 0:00,1.278,1.285,1.2731,1.283
25/11/2010 0:00,1.2831,1.2949,1.2825,1.2902
26/11/2010 0:00,1.2901,1.2914,1.2817,1.2819
29/11/2010 0:00,1.282,1.2897,1.2801,1.2867
30/11/2010 0:00,1.2866,1.2937,1.2858,1.2923
1/12/2010 0:00,1.2924,1.2936,1.2863,1.2883
2/12/2010 0:00,1.2884,1.2927,1.2824,1.2827
3/12/2010 0:00,1.2827,1.2942,1.2817,1.2906
6/12/2010 0:00,1.2905,1.2998,1.2899,1.2934
7/12/2010 0:00,1.2933,1.3027,1.2928,1.2992
8/12/2010 0:00,1.2992,1.304,1.2962,1.3003
9/12/2010 0:00,1.3003,1.3174,1.2993,1.3171
10/12/2010 0:00,1.3171,1.321,1.3118,1.3135
13/12/2010 0:00,1.3136,1.3184,1.3121,1.3153
14/12/2010 0:00,1.3152,1.3282,1.3138,1.3268
15/12/2010 0:00,1.327,1.329,1.3214,1.328
16/12/2010 0:00,1.3279,1.336,1.3232,1.3348
17/12/2010 0:00,1.3349,1.3428,1.3341,1.3373
20/12/2010 0:00,1.3373,1.3434,1.3343,1.3381
21/12/2010 0:00,1.3382,1.341,1.3341,1.3348
22/12/2010 0:00,1.3347,1.3442,1.3313,1.3408
23/12/2010 0:00,1.3409,1.3518,1.3402,1.345
24/12/2010 0:00,1.3451,1.3489,1.3382,1.3411
27/12/2010 0:00,1.3412,1.3435,1.3374,1.3418
28/12/2010 0:00,1.3419,1.3433,1.3367,1.3393
29/12/2010 0:00,1.3392,1.3413,1.3271,1.3321
30/12/2010 0:00,1.332,1.334,1.3227,1.3253
31/12/2010 0:00,1.3252,1.3258,1.3137,1.3174
3/01/2011 0:00,1.3175,1.3178,1.3059,1.3159
4/01/2011 0:00,1.316,1.3166,1.3088,1.3094
5/01/2011 0:00,1.3093,1.3162,1.3078,1.3113
6/01/2011 0:00,1.3113,1.3211,1.3066,1.3162
7/01/2011 0:00,1.3163,1.3178,1.3084,1.3093
10/01/2011 0:00,1.3094,1.3133,1.3067,1.3085
11/01/2011 0:00,1.3083,1.3096,1.2941,1.2962
12/01/2011 0:00,1.2961,1.3012,1.2922,1.2961
13/01/2011 0:00,1.2961,1.3086,1.2958,1.3051
14/01/2011 0:00,1.305,1.3062,1.291,1.2937
17/01/2011 0:00,1.2937,1.2987,1.2837,1.2846
18/01/2011 0:00,1.2846,1.2877,1.2834,1.2872
19/01/2011 0:00,1.2872,1.2957,1.287,1.2952
20/01/2011 0:00,1.2953,1.3041,1.2924,1.3035
21/01/2011 0:00,1.3035,1.3074,1.295,1.3056
24/01/2011 0:00,1.3055,1.3078,1.2997,1.3015
25/01/2011 0:00,1.3015,1.3089,1.2963,1.3007
26/01/2011 0:00,1.3007,1.3035,1.2952,1.2987
27/01/2011 0:00,1.2988,1.3016,1.2875,1.2888
28/01/2011 0:00,1.2888,1.289,1.2778,1.2786
31/01/2011 0:00,1.2787,1.2877,1.2784,1.2855
1/02/2011 0:00,1.2854,1.2965,1.2836,1.2959
2/02/2011 0:00,1.2959,1.2998,1.2917,1.2952
3/02/2011 0:00,1.2953,1.3091,1.2883,1.308
4/02/2011 0:00,1.3081,1.3178,1.3071,1.3158
7/02/2011 0:00,1.3159,1.3206,1.3116,1.3152
8/02/2011 0:00,1.3153,1.3201,1.3104,1.3128
9/02/2011 0:00,1.3129,1.315,1.3039,1.3129
10/02/2011 0:00,1.3129,1.3138,1.3059,1.3071
11/02/2011 0:00,1.3071,1.3172,1.3063,1.3137
14/02/2011 0:00,1.3136,1.3258,1.3126,1.3248
15/02/2011 0:00,1.3249,1.328,1.3227,1.3267
16/02/2011 0:00,1.3267,1.3302,1.3233,1.3249
17/02/2011 0:00,1.325,1.3301,1.3216,1.3288
18/02/2011 0:00,1.3289,1.3341,1.3274,1.3309
21/02/2011 0:00,1.3309,1.3329,1.3237,1.3239
22/02/2011 0:00,1.324,1.3374,1.3188,1.3374
23/02/2011 0:00,1.3373,1.3431,1.332,1.3414
24/02/2011 0:00,1.3414,1.3474,1.3392,1.347
25/02/2011 0:00,1.3471,1.3509,1.3433,1.3491
28/02/2011 0:00,1.349,1.3557,1.3457,1.3514
1/03/2011 0:00,1.3513,1.3563,1.3481,1.3505
2/03/2011 0:00,1.3504,1.367,1.3494,1.3632
3/03/2011 0:00,1.3631,1.3692,1.3616,1.3641
4/03/2011 0:00,1.3641,1.373,1.3604,1.3725
7/03/2011 0:00,1.3727,1.3772,1.37,1.3717
8/03/2011 0:00,1.3717,1.3792,1.3686,1.3687
9/03/2011 0:00,1.3687,1.3687,1.3586,1.3627
10/03/2011 0:00,1.3626,1.3772,1.3619,1.366
11/03/2011 0:00,1.3661,1.3669,1.3595,1.3638
14/03/2011 0:00,1.3637,1.3726,1.3546,1.3633
15/03/2011 0:00,1.3633,1.3674,1.3591,1.3619
16/03/2011 0:00,1.3619,1.3622,1.3497,1.3525
17/03/2011 0:00,1.3525,1.3686,1.3439,1.356
18/03/2011 0:00,1.3559,1.3719,1.355,1.3613
21/03/2011 0:00,1.3614,1.3661,1.3572,1.3646
22/03/2011 0:00,1.3647,1.3715,1.3623,1.3633
23/03/2011 0:00,1.3632,1.3668,1.3588,1.3613
24/03/2011 0:00,1.3614,1.3687,1.3563,1.3576
25/03/2011 0:00,1.3575,1.3647,1.3551,1.3611
28/03/2011 0:00,1.3612,1.3666,1.3563,1.3665
29/03/2011 0:00,1.3664,1.3727,1.3612,1.3638
30/03/2011 0:00,1.3636,1.3656,1.3561,1.3594
31/03/2011 0:00,1.3595,1.3608,1.3516,1.3598
1/04/2011 0:00,1.3597,1.3604,1.3528,1.3584
4/04/2011 0:00,1.3583,1.3602,1.3494,1.3504
5/04/2011 0:00,1.3505,1.3527,1.3424,1.3448
6/04/2011 0:00,1.345,1.3462,1.3392,1.3429
7/04/2011 0:00,1.3428,1.3485,1.3364,1.3464
8/04/2011 0:00,1.3463,1.3501,1.3417,1.3458
11/04/2011 0:00,1.3459,1.3522,1.3432,1.3484
12/04/2011 0:00,1.3485,1.3495,1.3366,1.3406
13/04/2011 0:00,1.3407,1.3419,1.3282,1.3304
14/04/2011 0:00,1.3303,1.333,1.3256,1.3271
15/04/2011 0:00,1.3272,1.3311,1.3235,1.3247
18/04/2011 0:00,1.3246,1.3301,1.3192,1.3268
19/04/2011 0:00,1.3269,1.3375,1.3265,1.3332
20/04/2011 0:00,1.3332,1.3364,1.3295,1.3333
21/04/2011 0:00,1.3332,1.3446,1.3315,1.3444
22/04/2011 0:00,1.3445,1.3446,1.3376,1.339
25/04/2011 0:00,1.3391,1.3417,1.3376,1.3393
26/04/2011 0:00,1.3394,1.3413,1.3355,1.3357
27/04/2011 0:00,1.3358,1.3427,1.3333,1.3412
28/04/2011 0:00,1.3411,1.357,1.3402,1.3536
29/04/2011 0:00,1.3536,1.3641,1.3525,1.3594
2/05/2011 0:00,1.3593,1.3611,1.3521,1.3561
3/05/2011 0:00,1.3562,1.3609,1.3536,1.3604
4/05/2011 0:00,1.3604,1.3655,1.3522,1.3614
5/05/2011 0:00,1.3613,1.3701,1.3506,1.3543
6/05/2011 0:00,1.3544,1.3583,1.3442,1.3565
9/05/2011 0:00,1.3564,1.3595,1.3504,1.3579
10/05/2011 0:00,1.358,1.3637,1.3548,1.3585
11/05/2011 0:00,1.3585,1.3673,1.3575,1.3649
12/05/2011 0:00,1.3649,1.3678,1.341,1.3452
13/05/2011 0:00,1.3451,1.3494,1.3352,1.3411
16/05/2011 0:00,1.3411,1.3501,1.3397,1.3447
17/05/2011 0:00,1.3448,1.3584,1.3443,1.3535
18/05/2011 0:00,1.3535,1.3577,1.347,1.3479
19/05/2011 0:00,1.348,1.3497,1.3424,1.345
20/05/2011 0:00,1.3451,1.3509,1.343,1.3474
23/05/2011 0:00,1.3474,1.3476,1.3365,1.3371
24/05/2011 0:00,1.3371,1.3391,1.3233,1.3247
25/05/2011 0:00,1.3248,1.3264,1.3178,1.3232
26/05/2011 0:00,1.3232,1.3234,1.3104,1.3108
27/05/2011 0:00,1.3109,1.3147,1.3051,1.3073
30/05/2011 0:00,1.3073,1.3114,1.3014,1.3066
31/05/2011 0:00,1.3065,1.3095,1.299,1.2994
1/06/2011 0:00,1.2995,1.3075,1.2924,1.3066
2/06/2011 0:00,1.3067,1.3078,1.2982,1.3065
3/06/2011 0:00,1.3065,1.3104,1.3041,1.3079
6/06/2011 0:00,1.3079,1.3175,1.3075,1.3163
7/06/2011 0:00,1.3163,1.318,1.3126,1.3154
8/06/2011 0:00,1.3154,1.3159,1.3001,1.3049
9/06/2011 0:00,1.3049,1.3065,1.286,1.2891
10/06/2011 0:00,1.2892,1.2941,1.2805,1.2844
13/06/2011 0:00,1.2845,1.2977,1.2799,1.2954
14/06/2011 0:00,1.2954,1.3023,1.2947,1.299
15/06/2011 0:00,1.2991,1.3119,1.2975,1.3106
16/06/2011 0:00,1.3104,1.3168,1.3076,1.3151
17/06/2011 0:00,1.3149,1.3162,1.3077,1.3097
20/06/2011 0:00,1.3097,1.314,1.3047,1.3082
21/06/2011 0:00,1.3083,1.3101,1.3009,1.3031
22/06/2011 0:00,1.303,1.3069,1.2982,1.3027
23/06/2011 0:00,1.3027,1.3037,1.2905,1.291
24/06/2011 0:00,1.2911,1.2958,1.2893,1.2939
27/06/2011 0:00,1.294,1.3044,1.29,1.2985
28/06/2011 0:00,1.2984,1.3019,1.2937,1.2999
29/06/2011 0:00,1.2999,1.3042,1.2956,1.2973
30/06/2011 0:00,1.2974,1.3005,1.2897,1.292
1/07/2011 0:00,1.2919,1.2968,1.2917,1.2953
4/07/2011 0:00,1.2952,1.3023,1.2917,1.2939
5/07/2011 0:00,1.2938,1.296,1.2891,1.2914
6/07/2011 0:00,1.2915,1.2972,1.2872,1.2934
7/07/2011 0:00,1.2934,1.3009,1.29,1.298
8/07/2011 0:00,1.298,1.2993,1.2915,1.2944
11/07/2011 0:00,1.2944,1.2954,1.2806,1.283
12/07/2011 0:00,1.2831,1.2928,1.2806,1.292
13/07/2011 0:00,1.292,1.3,1.2901,1.2917
14/07/2011 0:00,1.2919,1.2941,1.2673,1.2753
15/07/2011 0:00,1.2756,1.2761,1.2684,1.2744
18/07/2011 0:00,1.2744,1.2754,1.2536,1.256
19/07/2011 0:00,1.2559,1.2605,1.2529,1.255
20/07/2011 0:00,1.255,1.2585,1.248,1.2544
21/07/2011 0:00,1.2545,1.2585,1.2499,1.2499
22/07/2011 0:00,1.25,1.2619,1.2493,1.2583
25/07/2011 0:00,1.2584,1.2584,1.2496,1.25
26/07/2011 0:00,1.2501,1.2587,1.2495,1.2544
27/07/2011 0:00,1.2545,1.2667,1.2515,1.2638
28/07/2011 0:00,1.2637,1.2688,1.2611,1.2673
29/07/2011 0:00,1.2674,1.2677,1.2615,1.2652
1/08/2011 0:00,1.2652,1.2667,1.2477,1.2516
2/08/2011 0:00,1.2517,1.2565,1.2494,1.2541
3/08/2011 0:00,1.254,1.2549,1.2385,1.2446
4/08/2011 0:00,1.2447,1.2545,1.2384,1.2526
5/08/2011 0:00,1.2526,1.26,1.2397,1.2487
8/08/2011 0:00,1.2487,1.2535,1.2356,1.2461
9/08/2011 0:00,1.2461,1.2517,1.2351,1.2384
10/08/2011 0:00,1.2384,1.248,1.2339,1.2395
11/08/2011 0:00,1.2395,1.2624,1.2315,1.2504
12/08/2011 0:00,1.2503,1.2592,1.2394,1.2494
15/08/2011 0:00,1.2493,1.2532,1.2403,1.2427
16/08/2011 0:00,1.2428,1.2647,1.2421,1.2574
17/08/2011 0:00,1.2575,1.259,1.2495,1.2538
18/08/2011 0:00,1.2538,1.2624,1.2533,1.258
19/08/2011 0:00,1.2581,1.267,1.2528,1.2597
22/08/2011 0:00,1.2598,1.273,1.2569,1.2706
23/08/2011 0:00,1.2707,1.2733,1.2608,1.262
24/08/2011 0:00,1.2617,1.2661,1.257,1.2655
25/08/2011 0:00,1.2656,1.267,1.2596,1.2606
26/08/2011 0:00,1.2606,1.2647,1.2562,1.2607
29/08/2011 0:00,1.2606,1.2622,1.2558,1.2571
30/08/2011 0:00,1.2571,1.2611,1.2499,1.2509
31/08/2011 0:00,1.2512,1.2553,1.2492,1.2522
1/09/2011 0:00,1.2522,1.26,1.248,1.2595
2/09/2011 0:00,1.2594,1.2634,1.257,1.2586
5/09/2011 0:00,1.2586,1.2602,1.252,1.2544
6/09/2011 0:00,1.2545,1.2717,1.2537,1.2679
7/09/2011 0:00,1.2679,1.2818,1.2648,1.2794
8/09/2011 0:00,1.2795,1.2831,1.2692,1.2695
9/09/2011 0:00,1.2696,1.274,1.2684,1.2705
12/09/2011 0:00,1.2704,1.2745,1.2663,1.2692
13/09/2011 0:00,1.2691,1.27,1.2535,1.2584
14/09/2011 0:00,1.2584,1.2587,1.2486,1.2511
15/09/2011 0:00,1.251,1.2568,1.2415,1.2533
16/09/2011 0:00,1.2534,1.2557,1.2464,1.2517
19/09/2011 0:00,1.2516,1.2539,1.2422,1.2431
20/09/2011 0:00,1.243,1.2474,1.2358,1.2436
21/09/2011 0:00,1.2436,1.2494,1.2427,1.249
22/09/2011 0:00,1.249,1.2604,1.2441,1.2557
23/09/2011 0:00,1.2556,1.2603,1.246,1.2526
26/09/2011 0:00,1.2527,1.2672,1.2499,1.2621
27/09/2011 0:00,1.262,1.2645,1.2549,1.2599
28/09/2011 0:00,1.2598,1.2609,1.2518,1.2557
29/09/2011 0:00,1.2556,1.2628,1.2538,1.2562
30/09/2011 0:00,1.2564,1.2767,1.2558,1.2739
3/10/2011 0:00,1.2738,1.2771,1.2651,1.266
4/10/2011 0:00,1.2661,1.2684,1.2566,1.2577
5/10/2011 0:00,1.2576,1.2597,1.2524,1.2533
6/10/2011 0:00,1.2532,1.263,1.252,1.2608
7/10/2011 0:00,1.2608,1.2666,1.2583,1.2657
10/10/2011 0:00,1.2658,1.2716,1.2633,1.2703
11/10/2011 0:00,1.2704,1.2761,1.2682,1.2734
12/10/2011 0:00,1.2735,1.2772,1.2704,1.2704
13/10/2011 0:00,1.2705,1.2853,1.2701,1.2835
14/10/2011 0:00,1.2834,1.2845,1.2784,1.2819
17/10/2011 0:00,1.282,1.287,1.2796,1.2837
18/10/2011 0:00,1.2836,1.2871,1.281,1.2866
19/10/2011 0:00,1.2865,1.293,1.2838,1.2909
20/10/2011 0:00,1.291,1.2933,1.2872,1.2897
21/10/2011 0:00,1.2898,1.2921,1.282,1.289
24/10/2011 0:00,1.2891,1.2922,1.286,1.2881
25/10/2011 0:00,1.2879,1.3022,1.2878,1.301
26/10/2011 0:00,1.3011,1.3124,1.299,1.3009
27/10/2011 0:00,1.301,1.3095,1.2966,1.3031
28/10/2011 0:00,1.303,1.3086,1.299,1.3024
31/10/2011 0:00,1.3025,1.3071,1.2957,1.2997
1/11/2011 0:00,1.2996,1.3071,1.2961,1.2977
2/11/2011 0:00,1.2976,1.304,1.2933,1.3035
3/11/2011 0:00,1.3036,1.3144,1.303,1.3091
4/11/2011 0:00,1.3092,1.3142,1.3025,1.3074
7/11/2011 0:00,1.3073,1.3117,1.301,1.3018
8/11/2011 0:00,1.3016,1.3033,1.2969,1.3003
9/11/2011 0:00,1.3004,1.3025,1.2951,1.3018
10/11/2011 0:00,1.3019,1.3034,1.2966,1.3025
11/11/2011 0:00,1.3026,1.307,1.299,1.3049
14/11/2011 0:00,1.305,1.3102,1.3028,1.3073
15/11/2011 0:00,1.3074,1.317,1.3057,1.3158
16/11/2011 0:00,1.3158,1.3221,1.3138,1.3155
17/11/2011 0:00,1.3156,1.3216,1.3146,1.316
18/11/2011 0:00,1.3159,1.3211,1.3146,1.3162
21/11/2011 0:00,1.3163,1.3269,1.3163,1.3179
22/11/2011 0:00,1.3179,1.3206,1.3139,1.3149
23/11/2011 0:00,1.315,1.3208,1.3113,1.3114
24/11/2011 0:00,1.3114,1.3132,1.3071,1.309
25/11/2011 0:00,1.3091,1.3131,1.306,1.3075
28/11/2011 0:00,1.3075,1.3138,1.3061,1.3086
29/11/2011 0:00,1.3084,1.3179,1.3065,1.3145
30/11/2011 0:00,1.3145,1.3174,1.3109,1.3132
1/12/2011 0:00,1.3133,1.3238,1.3106,1.3131
2/12/2011 0:00,1.313,1.3171,1.3073,1.3107
5/12/2011 0:00,1.3106,1.3179,1.309,1.31456
6/12/2011 0:00,1.31458,1.31824,1.31004,1.31093
7/12/2011 0:00,1.31098,1.31643,1.31055,1.3151
8/12/2011 0:00,1.31507,1.32333,1.31304,1.31456
9/12/2011 0:00,1.31453,1.3192,1.31404,1.31638
12/12/2011 0:00,1.31644,1.31942,1.31402,1.31671
13/12/2011 0:00,1.31675,1.32161,1.31619,1.32021
14/12/2011 0:00,1.32015,1.3255,1.31807,1.3237
15/12/2011 0:00,1.32375,1.32753,1.31772,1.32338
16/12/2011 0:00,1.32333,1.32381,1.31132,1.31226
19/12/2011 0:00,1.31225,1.31604,1.30614,1.30733
20/12/2011 0:00,1.30734,1.31233,1.30534,1.30744
21/12/2011 0:00,1.30741,1.31439,1.30684,1.31351
22/12/2011 0:00,1.31356,1.31469,1.30714,1.31202
23/12/2011 0:00,1.31192,1.31409,1.30737,1.31146
26/12/2011 0:00,1.3115,1.31275,1.30819,1.31131
27/12/2011 0:00,1.31301,1.31406,1.31073,1.3122
28/12/2011 0:00,1.3123,1.31763,1.31086,1.31222
29/12/2011 0:00,1.31233,1.31404,1.30952,1.31279
30/12/2011 0:00,1.31273,1.31483,1.31014,1.31408
2/01/2012 0:00,1.31402,1.31596,1.31162,1.31238
3/01/2012 0:00,1.3137,1.31578,1.30986,1.31287
4/01/2012 0:00,1.31279,1.31461,1.31003,1.31108
5/01/2012 0:00,1.3111,1.3169,1.30962,1.31312
6/01/2012 0:00,1.31307,1.31499,1.31099,1.31164
9/01/2012 0:00,1.31181,1.31279,1.30212,1.30313
10/01/2012 0:00,1.30308,1.30371,1.29656,1.29877
11/01/2012 0:00,1.29875,1.30215,1.29462,1.29577
12/01/2012 0:00,1.29575,1.2976,1.29209,1.29341
13/01/2012 0:00,1.29353,1.30409,1.29332,1.30353
16/01/2012 0:00,1.30359,1.30518,1.29406,1.29595
17/01/2012 0:00,1.2959,1.30139,1.29532,1.30002
18/01/2012 0:00,1.3,1.30331,1.29434,1.29481
19/01/2012 0:00,1.29479,1.29824,1.28666,1.29547
20/01/2012 0:00,1.2955,1.30059,1.29373,1.29703
23/01/2012 0:00,1.29702,1.30129,1.29576,1.299
24/01/2012 0:00,1.29901,1.3008,1.29516,1.29549
25/01/2012 0:00,1.29552,1.29902,1.29031,1.29803
26/01/2012 0:00,1.29802,1.30237,1.29464,1.29811
27/01/2012 0:00,1.29812,1.29926,1.29059,1.29176
30/01/2012 0:00,1.29175,1.29407,1.28907,1.28971
31/01/2012 0:00,1.28972,1.29515,1.28745,1.29085
1/02/2012 0:00,1.29086,1.29233,1.28321,1.28789
2/02/2012 0:00,1.28791,1.28857,1.28389,1.285
3/02/2012 0:00,1.28508,1.28823,1.28236,1.28507
6/02/2012 0:00,1.28512,1.29135,1.28433,1.29031
7/02/2012 0:00,1.2903,1.29385,1.28337,1.29255
8/02/2012 0:00,1.29251,1.29608,1.28999,1.29163
9/02/2012 0:00,1.29173,1.29446,1.28833,1.29219
10/02/2012 0:00,1.29221,1.29421,1.28876,1.2907
13/02/2012 0:00,1.29071,1.29137,1.28687,1.2869
14/02/2012 0:00,1.28689,1.28804,1.28538,1.28683
15/02/2012 0:00,1.28681,1.28795,1.27978,1.28123
16/02/2012 0:00,1.2812,1.29237,1.27889,1.29013
17/02/2012 0:00,1.29015,1.29291,1.28475,1.28698
20/02/2012 0:00,1.28699,1.28862,1.28054,1.28099
21/02/2012 0:00,1.28098,1.28344,1.27797,1.27839
22/02/2012 0:00,1.2784,1.27961,1.27638,1.27881
23/02/2012 0:00,1.27883,1.28458,1.27769,1.28333
24/02/2012 0:00,1.2833,1.28478,1.28063,1.28104
27/02/2012 0:00,1.28103,1.28201,1.27769,1.27938
28/02/2012 0:00,1.27942,1.28239,1.2783,1.28186
29/02/2012 0:00,1.2819,1.28614,1.28014,1.28385
1/03/2012 0:00,1.28383,1.28733,1.27999,1.28725
2/03/2012 0:00,1.28723,1.28945,1.28543,1.28868
5/03/2012 0:00,1.28871,1.29538,1.28845,1.29361
6/03/2012 0:00,1.29365,1.30609,1.29247,1.30279
7/03/2012 0:00,1.30283,1.30397,1.29093,1.29095
8/03/2012 0:00,1.29094,1.29824,1.28905,1.29449
9/03/2012 0:00,1.2945,1.29497,1.28733,1.28848
12/03/2012 0:00,1.28855,1.29184,1.28515,1.28749
13/03/2012 0:00,1.28747,1.28859,1.2813,1.28193
14/03/2012 0:00,1.2819,1.28426,1.27916,1.28386
15/03/2012 0:00,1.28383,1.29322,1.28378,1.29017
16/03/2012 0:00,1.2902,1.29234,1.28113,1.28177
19/03/2012 0:00,1.28181,1.28695,1.28145,1.28393
20/03/2012 0:00,1.28397,1.28574,1.2801,1.28246
21/03/2012 0:00,1.28251,1.28746,1.28038,1.28091
22/03/2012 0:00,1.2809,1.28904,1.27992,1.2849
23/03/2012 0:00,1.28486,1.28616,1.27918,1.28085
26/03/2012 0:00,1.28083,1.28243,1.27684,1.28072
27/03/2012 0:00,1.28074,1.28255,1.27765,1.27861
28/03/2012 0:00,1.27863,1.27998,1.27296,1.27431
29/03/2012 0:00,1.27433,1.27433,1.26706,1.26902
30/03/2012 0:00,1.269,1.27088,1.26675,1.26908
2/04/2012 0:00,1.26911,1.26991,1.26195,1.26796
3/04/2012 0:00,1.26794,1.26947,1.26243,1.26515
4/04/2012 0:00,1.26516,1.26856,1.25751,1.25813
5/04/2012 0:00,1.25812,1.2625,1.25738,1.25902
6/04/2012 0:00,1.25905,1.26405,1.25855,1.26187
9/04/2012 0:00,1.26183,1.26308,1.25636,1.25808
10/04/2012 0:00,1.25809,1.25836,1.25329,1.25566
11/04/2012 0:00,1.25559,1.26247,1.25461,1.25807
12/04/2012 0:00,1.25808,1.26502,1.2564,1.26497
13/04/2012 0:00,1.26494,1.26644,1.25169,1.25245
16/04/2012 0:00,1.25241,1.26018,1.25185,1.25814
17/04/2012 0:00,1.25813,1.26681,1.25798,1.26484
18/04/2012 0:00,1.26479,1.26808,1.2633,1.26525
19/04/2012 0:00,1.26528,1.26973,1.26456,1.26758
20/04/2012 0:00,1.26759,1.27021,1.26576,1.26961
23/04/2012 0:00,1.26958,1.27182,1.26534,1.26672
24/04/2012 0:00,1.26674,1.27053,1.2618,1.26281
25/04/2012 0:00,1.26283,1.27106,1.2624,1.27102
26/04/2012 0:00,1.27105,1.27427,1.26818,1.27022
27/04/2012 0:00,1.27021,1.27678,1.26789,1.27589
30/04/2012 0:00,1.27591,1.27796,1.26895,1.27139
1/05/2012 0:00,1.27141,1.27471,1.26941,1.27382
2/05/2012 0:00,1.27376,1.27516,1.26572,1.26983
3/05/2012 0:00,1.26988,1.28279,1.26818,1.27717
4/05/2012 0:00,1.27722,1.28345,1.27699,1.28201
7/05/2012 0:00,1.28196,1.28491,1.27661,1.2789
8/05/2012 0:00,1.27889,1.28385,1.27871,1.2836
9/05/2012 0:00,1.28357,1.28576,1.28122,1.28148
10/05/2012 0:00,1.28137,1.2853,1.2797,1.28448
11/05/2012 0:00,1.28447,1.28547,1.28191,1.28318
14/05/2012 0:00,1.28316,1.28397,1.27693,1.28083
15/05/2012 0:00,1.28079,1.28438,1.28048,1.28393
16/05/2012 0:00,1.28396,1.29482,1.28243,1.2942
17/05/2012 0:00,1.29426,1.29846,1.29127,1.29724
18/05/2012 0:00,1.29721,1.29976,1.29177,1.29761
21/05/2012 0:00,1.29766,1.30458,1.29629,1.29741
22/05/2012 0:00,1.29739,1.30097,1.29161,1.29271
23/05/2012 0:00,1.29266,1.3014,1.29255,1.2986
24/05/2012 0:00,1.29865,1.30376,1.29663,1.29806
25/05/2012 0:00,1.29803,1.29846,1.29228,1.29429
28/05/2012 0:00,1.29431,1.2961,1.29101,1.29373
29/05/2012 0:00,1.29376,1.29553,1.29224,1.2943
30/05/2012 0:00,1.29429,1.29555,1.28733,1.28738
31/05/2012 0:00,1.28739,1.29071,1.28568,1.28813
1/06/2012 0:00,1.28812,1.29294,1.28581,1.28831
4/06/2012 0:00,1.2883,1.28918,1.28199,1.28232
5/06/2012 0:00,1.28229,1.28824,1.28136,1.28667
6/06/2012 0:00,1.28662,1.29329,1.28428,1.29229
7/06/2012 0:00,1.29226,1.29444,1.2838,1.29048
8/06/2012 0:00,1.29053,1.29178,1.2864,1.29128
11/06/2012 0:00,1.2913,1.29226,1.28333,1.28456
12/06/2012 0:00,1.28455,1.28669,1.28169,1.28312
13/06/2012 0:00,1.28311,1.28323,1.27698,1.28035
14/06/2012 0:00,1.28032,1.28573,1.27822,1.28153
15/06/2012 0:00,1.28155,1.28161,1.27672,1.27907
18/06/2012 0:00,1.27904,1.28019,1.27531,1.2766
19/06/2012 0:00,1.27657,1.27872,1.27312,1.27707
20/06/2012 0:00,1.27702,1.28071,1.27531,1.28008
21/06/2012 0:00,1.28009,1.2819,1.27256,1.27436
22/06/2012 0:00,1.27442,1.27672,1.27046,1.27566
25/06/2012 0:00,1.27571,1.27665,1.27093,1.27401
26/06/2012 0:00,1.27402,1.27426,1.26895,1.27024
27/06/2012 0:00,1.27026,1.27377,1.26714,1.27316
28/06/2012 0:00,1.27321,1.27684,1.27109,1.27184
29/06/2012 0:00,1.27181,1.27763,1.27118,1.27651
2/07/2012 0:00,1.27646,1.28168,1.27337,1.27526
3/07/2012 0:00,1.27527,1.27737,1.2739,1.27501
4/07/2012 0:00,1.27504,1.27995,1.27497,1.27856
5/07/2012 0:00,1.27853,1.27963,1.27624,1.27841
6/07/2012 0:00,1.27843,1.28093,1.27751,1.27843
9/07/2012 0:00,1.27847,1.28094,1.27777,1.27901
10/07/2012 0:00,1.27904,1.28283,1.27835,1.28061
11/07/2012 0:00,1.2806,1.28428,1.2804,1.28305
12/07/2012 0:00,1.28308,1.29053,1.28297,1.28416
13/07/2012 0:00,1.28418,1.28658,1.28158,1.28406
16/07/2012 0:00,1.28405,1.28678,1.28243,1.28367
17/07/2012 0:00,1.28368,1.28875,1.28314,1.28797
18/07/2012 0:00,1.28792,1.29326,1.2874,1.29319
19/07/2012 0:00,1.2932,1.29891,1.29255,1.29657
20/07/2012 0:00,1.29654,1.29894,1.29461,1.29642
23/07/2012 0:00,1.29646,1.29991,1.29612,1.29871
24/07/2012 0:00,1.29873,1.30275,1.29787,1.3003
25/07/2012 0:00,1.30035,1.30741,1.29939,1.3065
26/07/2012 0:00,1.30647,1.3077,1.30261,1.30374
27/07/2012 0:00,1.30372,1.30518,1.29521,1.29809
30/07/2012 0:00,1.29814,1.29888,1.29126,1.29483
31/07/2012 0:00,1.2948,1.29877,1.2938,1.298
1/08/2012 0:00,1.29795,1.30033,1.29288,1.29355
2/08/2012 0:00,1.29356,1.29625,1.29187,1.29495
3/08/2012 0:00,1.29494,1.29616,1.2878,1.28884
6/08/2012 0:00,1.28883,1.29283,1.28759,1.29073
7/08/2012 0:00,1.29074,1.29133,1.28627,1.28845
8/08/2012 0:00,1.28841,1.29658,1.28766,1.29597
9/08/2012 0:00,1.29599,1.30249,1.295,1.30233
10/08/2012 0:00,1.30231,1.30417,1.30001,1.30089
13/08/2012 0:00,1.30088,1.3012,1.29767,1.30051
14/08/2012 0:00,1.3005,1.30157,1.29677,1.29855
15/08/2012 0:00,1.29857,1.30342,1.29595,1.30097
16/08/2012 0:00,1.30091,1.30234,1.29894,1.29957
17/08/2012 0:00,1.29963,1.30026,1.29421,1.29437
20/08/2012 0:00,1.29438,1.29445,1.29003,1.29134
21/08/2012 0:00,1.29133,1.29289,1.29014,1.29232
22/08/2012 0:00,1.29233,1.29321,1.29016,1.29248
23/08/2012 0:00,1.29247,1.29324,1.28552,1.28581
24/08/2012 0:00,1.28586,1.28746,1.28174,1.28398
27/08/2012 0:00,1.28398,1.28483,1.28145,1.28262
28/08/2012 0:00,1.2826,1.28427,1.28036,1.28222
29/08/2012 0:00,1.28218,1.2913,1.2817,1.28808
30/08/2012 0:00,1.28802,1.29288,1.28665,1.28783
31/08/2012 0:00,1.28778,1.29154,1.28663,1.28763
3/09/2012 0:00,1.28761,1.28934,1.28116,1.28146
4/09/2012 0:00,1.28152,1.28585,1.28095,1.28312
5/09/2012 0:00,1.28309,1.29164,1.28299,1.28454
6/09/2012 0:00,1.28453,1.285,1.27853,1.28336
7/09/2012 0:00,1.2833,1.28571,1.28154,1.28421
10/09/2012 0:00,1.2842,1.28785,1.27526,1.27551
11/09/2012 0:00,1.27549,1.27881,1.27486,1.27646
12/09/2012 0:00,1.27648,1.27799,1.2741,1.2763
13/09/2012 0:00,1.27624,1.27803,1.27376,1.27458
14/09/2012 0:00,1.27463,1.27529,1.26611,1.26714
17/09/2012 0:00,1.26709,1.27391,1.26675,1.27158
18/09/2012 0:00,1.2716,1.27211,1.26575,1.266
19/09/2012 0:00,1.26604,1.26617,1.25971,1.26101
20/09/2012 0:00,1.26099,1.26948,1.26047,1.26055
21/09/2012 0:00,1.26052,1.26347,1.25759,1.26052
24/09/2012 0:00,1.26054,1.26617,1.25788,1.26465
25/09/2012 0:00,1.26458,1.26963,1.26303,1.26691
26/09/2012 0:00,1.26689,1.26731,1.26127,1.26329
27/09/2012 0:00,1.26332,1.26357,1.25603,1.25862
28/09/2012 0:00,1.25865,1.26033,1.25252,1.25279
1/10/2012 0:00,1.2528,1.25475,1.24837,1.24925
2/10/2012 0:00,1.2493,1.25252,1.24775,1.25156
3/10/2012 0:00,1.25151,1.25194,1.23694,1.24265
4/10/2012 0:00,1.24263,1.24748,1.24119,1.24401
5/10/2012 0:00,1.24398,1.25031,1.24365,1.24535
8/10/2012 0:00,1.24537,1.24681,1.24028,1.24237
9/10/2012 0:00,1.24234,1.24674,1.24216,1.24371
10/10/2012 0:00,1.24366,1.2516,1.24304,1.25127
11/10/2012 0:00,1.2513,1.25716,1.24925,1.25657
12/10/2012 0:00,1.2566,1.25695,1.25248,1.25312
15/10/2012 0:00,1.25314,1.25559,1.24855,1.25417
16/10/2012 0:00,1.25418,1.25996,1.25065,1.25757
17/10/2012 0:00,1.25751,1.26468,1.2563,1.26034
18/10/2012 0:00,1.26039,1.26455,1.25926,1.26392
19/10/2012 0:00,1.26387,1.26706,1.26264,1.26436
22/10/2012 0:00,1.26439,1.26664,1.2613,1.26172
23/10/2012 0:00,1.26174,1.26358,1.26069,1.26276
24/10/2012 0:00,1.26274,1.26909,1.25948,1.26886
25/10/2012 0:00,1.2688,1.26969,1.25837,1.25993
26/10/2012 0:00,1.25998,1.26663,1.25925,1.261
29/10/2012 0:00,1.26098,1.26219,1.25826,1.26115
30/10/2012 0:00,1.26113,1.26327,1.25931,1.26
31/10/2012 0:00,1.26003,1.26428,1.25964,1.26257
1/11/2012 0:00,1.26257,1.26406,1.26059,1.26185
2/11/2012 0:00,1.26181,1.26235,1.25514,1.2574
5/11/2012 0:00,1.25731,1.25772,1.2524,1.25401
6/11/2012 0:00,1.25398,1.26216,1.25368,1.26132
7/11/2012 0:00,1.26125,1.26403,1.25862,1.26255
8/11/2012 0:00,1.2625,1.27443,1.25875,1.27383
9/11/2012 0:00,1.27386,1.2788,1.27275,1.27556
12/11/2012 0:00,1.2756,1.277,1.27303,1.27647
13/11/2012 0:00,1.27649,1.27823,1.27318,1.27421
14/11/2012 0:00,1.27419,1.27954,1.27123,1.279
15/11/2012 0:00,1.27898,1.28294,1.2764,1.27667
16/11/2012 0:00,1.27668,1.27703,1.27115,1.27429
19/11/2012 0:00,1.27426,1.27733,1.27048,1.27465
20/11/2012 0:00,1.27468,1.27482,1.26918,1.27209
21/11/2012 0:00,1.27208,1.27361,1.27012,1.27233
22/11/2012 0:00,1.27235,1.2743,1.27108,1.27304
23/11/2012 0:00,1.27305,1.27468,1.27192,1.2726
26/11/2012 0:00,1.27262,1.27354,1.26783,1.26917
27/11/2012 0:00,1.26923,1.2741,1.26843,1.27308
28/11/2012 0:00,1.27306,1.27467,1.27158,1.27249
29/11/2012 0:00,1.27247,1.27338,1.2685,1.26906
30/11/2012 0:00,1.26905,1.26979,1.26571,1.2673
3/12/2012 0:00,1.26731,1.27287,1.26639,1.26914
4/12/2012 0:00,1.26913,1.27227,1.26773,1.26872
5/12/2012 0:00,1.26871,1.2714,1.26809,1.26936
6/12/2012 0:00,1.26938,1.27008,1.25919,1.26176
7/12/2012 0:00,1.26171,1.26269,1.25769,1.25947
10/12/2012 0:00,1.25946,1.26018,1.25639,1.25701
11/12/2012 0:00,1.25698,1.25861,1.25322,1.25479
12/12/2012 0:00,1.25483,1.25564,1.25108,1.25375
13/12/2012 0:00,1.25376,1.25483,1.2488,1.24913
14/12/2012 0:00,1.24912,1.24999,1.24699,1.24868
17/12/2012 0:00,1.24869,1.25276,1.2453,1.24849
18/12/2012 0:00,1.24847,1.25005,1.2474,1.2489
19/12/2012 0:00,1.24889,1.25392,1.24846,1.25268
20/12/2012 0:00,1.25269,1.25716,1.2517,1.25398
21/12/2012 0:00,1.25395,1.25881,1.25367,1.25838
24/12/2012 0:00,1.25837,1.26664,1.25808,1.26568
26/12/2012 0:00,1.26569,1.26674,1.25919,1.26046
27/12/2012 0:00,1.2604,1.26968,1.26032,1.26214
28/12/2012 0:00,1.2621,1.26832,1.26091,1.2651
31/12/2012 0:00,1.26511,1.2685,1.25975,1.26036
2/01/2013 0:00,1.2604,1.26282,1.24686,1.25227
3/01/2013 0:00,1.25224,1.26408,1.24979,1.26001
4/01/2013 0:00,1.26003,1.26781,1.25761,1.26568
7/01/2013 0:00,1.26569,1.26768,1.25874,1.2625
8/01/2013 0:00,1.26249,1.26356,1.25338,1.25401
9/01/2013 0:00,1.25402,1.25699,1.25035,1.25222
10/01/2013 0:00,1.25223,1.25632,1.25086,1.25526
11/01/2013 0:00,1.25522,1.2563,1.25061,1.25552
14/01/2013 0:00,1.25548,1.25983,1.25476,1.25602
15/01/2013 0:00,1.25603,1.25764,1.25182,1.25464
16/01/2013 0:00,1.2546,1.2594,1.25137,1.25682
17/01/2013 0:00,1.25681,1.25844,1.25139,1.25151
18/01/2013 0:00,1.2515,1.26526,1.25082,1.25848
21/01/2013 0:00,1.25847,1.25957,1.25458,1.25767
22/01/2013 0:00,1.25768,1.25883,1.25321,1.25422
23/01/2013 0:00,1.25423,1.25673,1.25206,1.25329
24/01/2013 0:00,1.25332,1.25382,1.2467,1.2471
25/01/2013 0:00,1.24708,1.25043,1.24608,1.24945
28/01/2013 0:00,1.24948,1.25007,1.243,1.24663
29/01/2013 0:00,1.24661,1.25436,1.2459,1.2482
30/01/2013 0:00,1.24824,1.25112,1.24683,1.25102
31/01/2013 0:00,1.25098,1.25486,1.24363,1.24431
1/02/2013 0:00,1.24433,1.24496,1.23479,1.2349
4/02/2013 0:00,1.23493,1.23548,1.22811,1.23222
5/02/2013 0:00,1.23219,1.24083,1.23044,1.23494
6/02/2013 0:00,1.23497,1.23658,1.22442,1.22496
7/02/2013 0:00,1.22495,1.23407,1.22217,1.23335
8/02/2013 0:00,1.23331,1.23878,1.23069,1.23129
11/02/2013 0:00,1.23128,1.23655,1.23074,1.23544
12/02/2013 0:00,1.23546,1.2361,1.22579,1.22632
13/02/2013 0:00,1.22633,1.23005,1.22259,1.22899
14/02/2013 0:00,1.22905,1.23089,1.21932,1.22149
15/02/2013 0:00,1.22151,1.22523,1.21402,1.21781
18/02/2013 0:00,1.2178,1.22075,1.2158,1.22013
19/02/2013 0:00,1.22012,1.22761,1.21698,1.22346
20/02/2013 0:00,1.22348,1.23176,1.21942,1.23076
21/02/2013 0:00,1.23074,1.2346,1.226,1.22694
22/02/2013 0:00,1.22696,1.23323,1.22591,1.23027
25/02/2013 0:00,1.2302,1.23423,1.22761,1.22787
26/02/2013 0:00,1.22785,1.23373,1.2256,1.23124
27/02/2013 0:00,1.23118,1.24296,1.231,1.23856
28/02/2013 0:00,1.23857,1.24017,1.23266,1.23535
1/03/2013 0:00,1.23542,1.23932,1.23238,1.23738
4/03/2013 0:00,1.23736,1.23913,1.2329,1.23313
5/03/2013 0:00,1.23312,1.23556,1.23084,1.23435
6/03/2013 0:00,1.23433,1.23802,1.23123,1.23363
7/03/2013 0:00,1.2336,1.23852,1.23105,1.23839
8/03/2013 0:00,1.23836,1.24173,1.23609,1.23999
11/03/2013 0:00,1.24002,1.24833,1.23847,1.24436
12/03/2013 0:00,1.24434,1.24772,1.24029,1.24663
13/03/2013 0:00,1.24656,1.25313,1.24509,1.25006
14/03/2013 0:00,1.25011,1.26776,1.24601,1.26767
15/03/2013 0:00,1.26765,1.26801,1.26106,1.2634
18/03/2013 0:00,1.26326,1.26396,1.25592,1.25772
19/03/2013 0:00,1.25771,1.26194,1.25628,1.25758
20/03/2013 0:00,1.25757,1.26127,1.25573,1.26063
21/03/2013 0:00,1.26056,1.26379,1.2527,1.25367
22/03/2013 0:00,1.25368,1.25612,1.2501,1.25235
25/03/2013 0:00,1.25234,1.25489,1.24935,1.25101
26/03/2013 0:00,1.25098,1.25428,1.25031,1.25234
27/03/2013 0:00,1.25232,1.2551,1.2473,1.24878
28/03/2013 0:00,1.24885,1.24999,1.24618,1.24675
29/03/2013 0:00,1.2468,1.24727,1.2426,1.24511
1/04/2013 0:00,1.24515,1.24633,1.24265,1.24438
2/04/2013 0:00,1.24436,1.24634,1.24301,1.24513
3/04/2013 0:00,1.24516,1.24521,1.23935,1.24361
4/04/2013 0:00,1.24366,1.24591,1.24086,1.24502
5/04/2013 0:00,1.24504,1.24525,1.23783,1.2387
8/04/2013 0:00,1.23863,1.2412,1.22995,1.23274
9/04/2013 0:00,1.23272,1.23275,1.22712,1.22862
10/04/2013 0:00,1.22865,1.23498,1.22712,1.23144
11/04/2013 0:00,1.23143,1.23216,1.22299,1.22429
12/04/2013 0:00,1.22431,1.22493,1.21802,1.22207
15/04/2013 0:00,1.22206,1.23083,1.22171,1.22703
16/04/2013 0:00,1.22705,1.22928,1.22178,1.22304
17/04/2013 0:00,1.22305,1.22563,1.22007,1.22206
18/04/2013 0:00,1.22208,1.22466,1.21738,1.21958
19/04/2013 0:00,1.21961,1.22488,1.21734,1.22281
22/04/2013 0:00,1.22277,1.22407,1.21753,1.21994
23/04/2013 0:00,1.21993,1.22072,1.21597,1.21893
24/04/2013 0:00,1.21915,1.22313,1.21362,1.21434
25/04/2013 0:00,1.21436,1.21623,1.20764,1.20847
26/04/2013 0:00,1.20848,1.21151,1.20659,1.20923
29/04/2013 0:00,1.20925,1.21315,1.20498,1.20982
30/04/2013 0:00,1.20978,1.21206,1.20725,1.20911
1/05/2013 0:00,1.20912,1.21232,1.20578,1.20818
2/05/2013 0:00,1.20825,1.21268,1.20581,1.20614
3/05/2013 0:00,1.20612,1.20972,1.20351,1.20366
6/05/2013 0:00,1.20364,1.20918,1.20111,1.20225
7/05/2013 0:00,1.20229,1.20576,1.20091,1.20151
8/05/2013 0:00,1.20155,1.21535,1.19562,1.213
9/05/2013 0:00,1.21301,1.21647,1.20249,1.21107
10/05/2013 0:00,1.2111,1.21168,1.19881,1.20392
13/05/2013 0:00,1.20388,1.20832,1.2024,1.20465
14/05/2013 0:00,1.20466,1.20877,1.20139,1.20391
15/05/2013 0:00,1.20388,1.20773,1.20162,1.20388
16/05/2013 0:00,1.2039,1.20584,1.19745,1.19799
17/05/2013 0:00,1.19794,1.206,1.19581,1.20294
20/05/2013 0:00,1.20298,1.20727,1.19985,1.20509
21/05/2013 0:00,1.20508,1.20509,1.19736,1.19886
22/05/2013 0:00,1.19882,1.20253,1.19713,1.19943
23/05/2013 0:00,1.19941,1.20242,1.19617,1.20061
24/05/2013 0:00,1.20063,1.20154,1.19419,1.19565
27/05/2013 0:00,1.19563,1.19762,1.18909,1.19175
28/05/2013 0:00,1.19176,1.19356,1.18942,1.19178
29/05/2013 0:00,1.19177,1.19406,1.18382,1.1843
30/05/2013 0:00,1.18433,1.19448,1.18155,1.19377
31/05/2013 0:00,1.19375,1.19848,1.19095,1.19309
3/06/2013 0:00,1.19307,1.2092,1.19057,1.20739
4/06/2013 0:00,1.20741,1.20988,1.20346,1.20668
5/06/2013 0:00,1.20669,1.20774,1.19738,1.19806
6/06/2013 0:00,1.19804,1.20106,1.192,1.19303
7/06/2013 0:00,1.19304,1.19859,1.1902,1.19132
10/06/2013 0:00,1.1914,1.2054,1.19058,1.20043
11/06/2013 0:00,1.20048,1.20125,1.19316,1.19385
12/06/2013 0:00,1.19382,1.20301,1.19316,1.19779
13/06/2013 0:00,1.19781,1.20108,1.18636,1.19358
14/06/2013 0:00,1.1936,1.19922,1.18759,1.1892
17/06/2013 0:00,1.18913,1.19257,1.18603,1.18947
18/06/2013 0:00,1.18946,1.19538,1.18741,1.1915
19/06/2013 0:00,1.19152,1.19198,1.18228,1.18679
20/06/2013 0:00,1.1868,1.18854,1.17484,1.17724
21/06/2013 0:00,1.17727,1.18974,1.17539,1.1852
24/06/2013 0:00,1.18525,1.19286,1.1843,1.18878
25/06/2013 0:00,1.18879,1.19677,1.18531,1.19289
26/06/2013 0:00,1.19294,1.19799,1.19117,1.19665
27/06/2013 0:00,1.1968,1.19835,1.18798,1.19097
28/06/2013 0:00,1.19101,1.19264,1.18443,1.18494
1/07/2013 0:00,1.18495,1.18715,1.179,1.181
2/07/2013 0:00,1.18097,1.18316,1.1793,1.18031
3/07/2013 0:00,1.18025,1.18229,1.17401,1.17613
4/07/2013 0:00,1.17612,1.17652,1.16499,1.17039
5/07/2013 0:00,1.17041,1.17213,1.16526,1.16839
8/07/2013 0:00,1.1684,1.17867,1.16692,1.17183
9/07/2013 0:00,1.17184,1.17444,1.16744,1.1689
10/07/2013 0:00,1.16895,1.1709,1.16454,1.16821
11/07/2013 0:00,1.16822,1.17442,1.16373,1.16828
12/07/2013 0:00,1.16827,1.17489,1.16579,1.16661
15/07/2013 0:00,1.16659,1.16712,1.15833,1.16463
16/07/2013 0:00,1.16462,1.17228,1.1631,1.1705
17/07/2013 0:00,1.17047,1.17357,1.1696,1.17143
18/07/2013 0:00,1.17144,1.17317,1.16511,1.16591
19/07/2013 0:00,1.16589,1.16613,1.15957,1.16083
22/07/2013 0:00,1.16081,1.1623,1.15402,1.16126
23/07/2013 0:00,1.16127,1.16377,1.15819,1.15911
24/07/2013 0:00,1.15914,1.16397,1.15548,1.16196
25/07/2013 0:00,1.16191,1.16247,1.14587,1.14713
26/07/2013 0:00,1.14714,1.14727,1.13938,1.14551
29/07/2013 0:00,1.14553,1.14919,1.14399,1.14636
30/07/2013 0:00,1.14637,1.14789,1.1343,1.1369
31/07/2013 0:00,1.13686,1.13721,1.13095,1.13118
1/08/2013 0:00,1.13121,1.13204,1.11974,1.12488
2/08/2013 0:00,1.12491,1.13522,1.12422,1.12801
5/08/2013 0:00,1.12798,1.1507,1.12763,1.14238
6/08/2013 0:00,1.14237,1.14781,1.13538,1.13962
7/08/2013 0:00,1.13963,1.14486,1.13407,1.13495
8/08/2013 0:00,1.13497,1.13869,1.12643,1.1383
9/08/2013 0:00,1.13828,1.14126,1.13282,1.13965
12/08/2013 0:00,1.13964,1.14508,1.13875,1.14422
13/08/2013 0:00,1.14424,1.14584,1.13983,1.14136
14/08/2013 0:00,1.14138,1.14487,1.13863,1.14036
15/08/2013 0:00,1.14034,1.14068,1.13352,1.13784
16/08/2013 0:00,1.13785,1.13893,1.12738,1.13515
19/08/2013 0:00,1.13513,1.13747,1.13065,1.13432
20/08/2013 0:00,1.13434,1.13799,1.1263,1.13433
21/08/2013 0:00,1.13435,1.14083,1.13078,1.1379
22/08/2013 0:00,1.13779,1.14799,1.13716,1.14629
23/08/2013 0:00,1.14627,1.15421,1.14519,1.15136
26/08/2013 0:00,1.15135,1.15879,1.15044,1.15538
27/08/2013 0:00,1.15536,1.15554,1.14713,1.14802
28/08/2013 0:00,1.14803,1.15343,1.1454,1.14695
29/08/2013 0:00,1.14698,1.15164,1.14345,1.1447
30/08/2013 0:00,1.14471,1.1514,1.14442,1.14984
2/09/2013 0:00,1.14985,1.15431,1.14801,1.15159
3/09/2013 0:00,1.15158,1.1525,1.1477,1.14974
4/09/2013 0:00,1.14977,1.16575,1.14951,1.16535
5/09/2013 0:00,1.16538,1.16552,1.15798,1.15975
6/09/2013 0:00,1.15978,1.16256,1.15301,1.15329
9/09/2013 0:00,1.15326,1.1542,1.14695,1.15205
10/09/2013 0:00,1.15207,1.15268,1.14773,1.15189
11/09/2013 0:00,1.15186,1.15573,1.15103,1.1544
12/09/2013 0:00,1.15442,1.15507,1.13806,1.13844
13/09/2013 0:00,1.13843,1.14026,1.13344,1.13884
16/09/2013 0:00,1.13888,1.14202,1.13343,1.13745
17/09/2013 0:00,1.13742,1.14306,1.13645,1.13852
18/09/2013 0:00,1.13855,1.14013,1.13452,1.13633
19/09/2013 0:00,1.13636,1.13988,1.1304,1.13047
20/09/2013 0:00,1.13051,1.13254,1.12519,1.12802
23/09/2013 0:00,1.128,1.128,1.12106,1.12535
24/09/2013 0:00,1.12532,1.13143,1.12293,1.13123
25/09/2013 0:00,1.13121,1.13952,1.12809,1.13881
26/09/2013 0:00,1.13874,1.13905,1.13382,1.13459
27/09/2013 0:00,1.13458,1.13497,1.12707,1.12728
30/09/2013 0:00,1.12732,1.12798,1.12204,1.12343
1/10/2013 0:00,1.12344,1.12802,1.12071,1.1233
2/10/2013 0:00,1.12333,1.14248,1.12293,1.139
3/10/2013 0:00,1.13896,1.13941,1.12558,1.13008
4/10/2013 0:00,1.1301,1.13767,1.1265,1.13733
7/10/2013 0:00,1.13737,1.13761,1.13197,1.13618
8/10/2013 0:00,1.13615,1.13874,1.13235,1.13558
9/10/2013 0:00,1.13557,1.13939,1.13485,1.13749
10/10/2013 0:00,1.13748,1.14078,1.13592,1.13913
11/10/2013 0:00,1.13912,1.14386,1.13891,1.14015
14/10/2013 0:00,1.1401,1.14055,1.13303,1.13589
15/10/2013 0:00,1.13596,1.13765,1.12967,1.13563
16/10/2013 0:00,1.13565,1.13868,1.13326,1.13462
17/10/2013 0:00,1.1346,1.13502,1.13079,1.13179
18/10/2013 0:00,1.1318,1.13755,1.13056,1.13715
21/10/2013 0:00,1.13716,1.1395,1.13532,1.13756
22/10/2013 0:00,1.13757,1.14409,1.13752,1.14214
23/10/2013 0:00,1.14216,1.1492,1.13839,1.14626
24/10/2013 0:00,1.14631,1.15001,1.14268,1.14533
25/10/2013 0:00,1.14534,1.15538,1.14491,1.15419
28/10/2013 0:00,1.15422,1.15779,1.15259,1.15552
29/10/2013 0:00,1.15551,1.15691,1.1489,1.14979
30/10/2013 0:00,1.1498,1.15253,1.14595,1.15132
31/10/2013 0:00,1.1513,1.1521,1.1445,1.15034
1/11/2013 0:00,1.15032,1.15151,1.14324,1.14681
4/11/2013 0:00,1.14682,1.14825,1.14086,1.14694
5/11/2013 0:00,1.14693,1.14886,1.14322,1.14463
6/11/2013 0:00,1.14461,1.14617,1.13296,1.13382
7/11/2013 0:00,1.13383,1.13772,1.13151,1.13298
8/11/2013 0:00,1.13296,1.13697,1.13092,1.13528
11/11/2013 0:00,1.13533,1.1382,1.13081,1.13254
12/11/2013 0:00,1.13252,1.13649,1.13219,1.13384
13/11/2013 0:00,1.13381,1.13573,1.12876,1.1302
14/11/2013 0:00,1.13021,1.13156,1.12171,1.12769
15/11/2013 0:00,1.12768,1.129,1.12428,1.1265
18/11/2013 0:00,1.12647,1.12693,1.12163,1.12454
19/11/2013 0:00,1.12453,1.12766,1.11964,1.12636
20/11/2013 0:00,1.12635,1.13029,1.1248,1.12698
21/11/2013 0:00,1.127,1.13098,1.12528,1.12723
22/11/2013 0:00,1.12727,1.12873,1.11681,1.11942
25/11/2013 0:00,1.11939,1.12644,1.11325,1.11343
26/11/2013 0:00,1.11346,1.11755,1.11218,1.11278
27/11/2013 0:00,1.11275,1.11525,1.11147,1.11284
28/11/2013 0:00,1.11283,1.11985,1.11125,1.11684
29/11/2013 0:00,1.11685,1.1213,1.11601,1.12124
2/12/2013 0:00,1.12132,1.12242,1.1157,1.11598
3/12/2013 0:00,1.11596,1.11751,1.10993,1.11022
4/12/2013 0:00,1.11024,1.11113,1.10395,1.10583
5/12/2013 0:00,1.10582,1.10664,1.0991,1.10086
6/12/2013 0:00,1.10088,1.10539,1.09963,1.10411
9/12/2013 0:00,1.10412,1.10675,1.09602,1.09665
10/12/2013 0:00,1.09666,1.10042,1.0948,1.09769
11/12/2013 0:00,1.09766,1.10311,1.09654,1.10273
12/12/2013 0:00,1.10278,1.1046,1.08954,1.08993
13/12/2013 0:00,1.08996,1.0924,1.08149,1.08602
16/12/2013 0:00,1.08603,1.08798,1.08037,1.08063
17/12/2013 0:00,1.08064,1.08513,1.07833,1.0794
18/12/2013 0:00,1.07941,1.08098,1.07464,1.07949
19/12/2013 0:00,1.07946,1.08195,1.07279,1.07939
20/12/2013 0:00,1.07936,1.08457,1.07932,1.08102
23/12/2013 0:00,1.08099,1.08977,1.08071,1.08903
24/12/2013 0:00,1.08907,1.09079,1.0876,1.08952
26/12/2013 0:00,1.0895,1.09129,1.08826,1.09044
27/12/2013 0:00,1.08854,1.0903,1.08775,1.08984
30/12/2013 0:00,1.08981,1.09109,1.08503,1.08777
31/12/2013 0:00,1.08772,1.08844,1.08358,1.08723
2/01/2014 0:00,1.08718,1.08748,1.08064,1.08404
3/01/2014 0:00,1.08402,1.09036,1.08357,1.08856
6/01/2014 0:00,1.08854,1.08927,1.0801,1.08338
7/01/2014 0:00,1.0834,1.08452,1.07908,1.07995
8/01/2014 0:00,1.07994,1.08017,1.07522,1.07645
9/01/2014 0:00,1.07646,1.07859,1.07475,1.07547
10/01/2014 0:00,1.07548,1.08021,1.07331,1.07981
13/01/2014 0:00,1.07979,1.08558,1.07877,1.08427
14/01/2014 0:00,1.08429,1.08594,1.07712,1.07815
15/01/2014 0:00,1.07817,1.07886,1.06724,1.06825
16/01/2014 0:00,1.06828,1.0697,1.05727,1.05789
17/01/2014 0:00,1.05792,1.06199,1.05401,1.06154
20/01/2014 0:00,1.0615,1.06693,1.05961,1.06443
21/01/2014 0:00,1.06441,1.07023,1.05663,1.05889
22/01/2014 0:00,1.0589,1.06627,1.05611,1.06508
23/01/2014 0:00,1.06509,1.06696,1.06124,1.06219
24/01/2014 0:00,1.06218,1.06283,1.05275,1.05446
27/01/2014 0:00,1.05447,1.06069,1.04897,1.05938
28/01/2014 0:00,1.0594,1.06512,1.0569,1.06281
29/01/2014 0:00,1.0628,1.06434,1.06002,1.06341
30/01/2014 0:00,1.06338,1.06814,1.05649,1.06722
31/01/2014 0:00,1.06729,1.08083,1.06717,1.07716
3/02/2014 0:00,1.07726,1.08281,1.07251,1.07847
4/02/2014 0:00,1.07844,1.0944,1.07782,1.09333
5/02/2014 0:00,1.09337,1.09374,1.08161,1.08218
6/02/2014 0:00,1.0822,1.09019,1.08201,1.08775
7/02/2014 0:00,1.08776,1.09018,1.0827,1.08509
10/02/2014 0:00,1.0851,1.08628,1.07893,1.07942
11/02/2014 0:00,1.07947,1.08531,1.07798,1.0846
12/02/2014 0:00,1.08461,1.08702,1.08298,1.08469
13/02/2014 0:00,1.08468,1.08582,1.07488,1.07572
14/02/2014 0:00,1.07573,1.07923,1.07336,1.07824
17/02/2014 0:00,1.07823,1.08297,1.0754,1.08084
18/02/2014 0:00,1.08083,1.08688,1.07853,1.08396
19/02/2014 0:00,1.084,1.08817,1.08234,1.08505
20/02/2014 0:00,1.08503,1.08882,1.08257,1.08383
21/02/2014 0:00,1.08384,1.08572,1.08107,1.08252
24/02/2014 0:00,1.08253,1.0852,1.08134,1.08251
25/02/2014 0:00,1.08255,1.08553,1.08187,1.08348
26/02/2014 0:00,1.08346,1.08423,1.07871,1.08051
27/02/2014 0:00,1.08052,1.08197,1.07301,1.07359
28/02/2014 0:00,1.07358,1.07396,1.06551,1.06564
3/03/2014 0:00,1.06562,1.06779,1.06253,1.06603
4/03/2014 0:00,1.066,1.07215,1.06466,1.06657
5/03/2014 0:00,1.06658,1.07127,1.06549,1.06736
6/03/2014 0:00,1.06735,1.07297,1.06543,1.0698
7/03/2014 0:00,1.06983,1.07441,1.06731,1.07095
10/03/2014 0:00,1.07093,1.07571,1.0675,1.0683
11/03/2014 0:00,1.06835,1.06891,1.06357,1.06396
12/03/2014 0:00,1.06398,1.06532,1.05758,1.05813
13/03/2014 0:00,1.05814,1.06478,1.05366,1.05853
14/03/2014 0:00,1.05849,1.05975,1.05532,1.05622
17/03/2014 0:00,1.05621,1.05842,1.05433,1.05817
18/03/2014 0:00,1.05815,1.06156,1.05766,1.06057
19/03/2014 0:00,1.06055,1.06173,1.0567,1.05829
20/03/2014 0:00,1.0583,1.05985,1.0543,1.05726
21/03/2014 0:00,1.05723,1.06174,1.05578,1.06138
24/03/2014 0:00,1.06135,1.06625,1.05983,1.06326
25/03/2014 0:00,1.06329,1.06962,1.06277,1.06807
26/03/2014 0:00,1.0681,1.07135,1.06564,1.068
27/03/2014 0:00,1.06802,1.07395,1.06788,1.07025
28/03/2014 0:00,1.07024,1.07075,1.06403,1.0683
31/03/2014 0:00,1.06828,1.06898,1.06433,1.06586
1/04/2014 0:00,1.06584,1.07126,1.06488,1.0675
2/04/2014 0:00,1.06749,1.0746,1.06427,1.07351
3/04/2014 0:00,1.0735,1.08059,1.07277,1.0786
4/04/2014 0:00,1.07864,1.08316,1.07815,1.07895
7/04/2014 0:00,1.07896,1.08303,1.07767,1.07857
8/04/2014 0:00,1.07856,1.08004,1.07434,1.07525
9/04/2014 0:00,1.07519,1.07962,1.07491,1.07701
10/04/2014 0:00,1.07704,1.08167,1.07331,1.07898
11/04/2014 0:00,1.07897,1.08606,1.07854,1.0855
14/04/2014 0:00,1.08554,1.0857,1.07966,1.08148
15/04/2014 0:00,1.0815,1.0872,1.0814,1.08417
16/04/2014 0:00,1.08421,1.09027,1.08116,1.08888
17/04/2014 0:00,1.08887,1.09085,1.08437,1.08654
18/04/2014 0:00,1.08653,1.08918,1.08382,1.08743
21/04/2014 0:00,1.08741,1.08893,1.08484,1.08809
22/04/2014 0:00,1.08818,1.09085,1.08636,1.08928
23/04/2014 0:00,1.08929,1.09089,1.0792,1.07959
24/04/2014 0:00,1.07957,1.08253,1.07592,1.07698
25/04/2014 0:00,1.07696,1.08267,1.07679,1.08193
28/04/2014 0:00,1.08195,1.08295,1.0793,1.08128
29/04/2014 0:00,1.08131,1.08701,1.08123,1.08355
30/04/2014 0:00,1.08356,1.08596,1.0822,1.08355
1/05/2014 0:00,1.08356,1.08541,1.07668,1.07832
2/05/2014 0:00,1.07833,1.07877,1.07295,1.07539
5/05/2014 0:00,1.07538,1.07544,1.06805,1.06958
6/05/2014 0:00,1.06962,1.07247,1.06686,1.06715
7/05/2014 0:00,1.06718,1.07502,1.06463,1.07428
8/05/2014 0:00,1.0743,1.08293,1.07369,1.08274
9/05/2014 0:00,1.08273,1.08689,1.08101,1.08245
12/05/2014 0:00,1.08256,1.08707,1.08152,1.08514
13/05/2014 0:00,1.08513,1.08719,1.08327,1.0836
14/05/2014 0:00,1.08359,1.08606,1.08139,1.08466
15/05/2014 0:00,1.08464,1.08756,1.07989,1.08046
16/05/2014 0:00,1.08049,1.08287,1.07921,1.08148
19/05/2014 0:00,1.08146,1.08542,1.08131,1.08253
20/05/2014 0:00,1.08251,1.08387,1.07838,1.07874
21/05/2014 0:00,1.07877,1.08049,1.07679,1.07834
22/05/2014 0:00,1.07835,1.08046,1.07451,1.08009
23/05/2014 0:00,1.08007,1.08062,1.07611,1.07834
26/05/2014 0:00,1.07831,1.08255,1.07783,1.08178
27/05/2014 0:00,1.08176,1.08251,1.07929,1.08119
28/05/2014 0:00,1.08122,1.08423,1.08038,1.08359
29/05/2014 0:00,1.08357,1.09281,1.08351,1.09269
30/05/2014 0:00,1.09268,1.098,1.09251,1.09543
2/06/2014 0:00,1.09539,1.09742,1.09445,1.0953
3/06/2014 0:00,1.09363,1.09465,1.0924,1.09295
4/06/2014 0:00,1.09299,1.10248,1.09234,1.10026
5/06/2014 0:00,1.10025,1.10326,1.09855,1.10018
6/06/2014 0:00,1.10015,1.10244,1.09714,1.09886
9/06/2014 0:00,1.09883,1.09956,1.09353,1.09827
10/06/2014 0:00,1.09826,1.10202,1.09674,1.10022
11/06/2014 0:00,1.1002,1.10099,1.09588,1.09769
12/06/2014 0:00,1.09766,1.10043,1.08359,1.08447
13/06/2014 0:00,1.08458,1.08728,1.08246,1.08641
16/06/2014 0:00,1.08642,1.08695,1.08141,1.08236
17/06/2014 0:00,1.0824,1.08361,1.08003,1.08034
18/06/2014 0:00,1.08033,1.08057,1.07701,1.07774
19/06/2014 0:00,1.07778,1.07929,1.07435,1.0784
20/06/2014 0:00,1.07841,1.08089,1.07768,1.07883
23/06/2014 0:00,1.0788,1.08132,1.07667,1.08042
24/06/2014 0:00,1.08044,1.08216,1.07895,1.08098
25/06/2014 0:00,1.08095,1.08106,1.07823,1.07837
26/06/2014 0:00,1.0784,1.07941,1.07187,1.07232
27/06/2014 0:00,1.07231,1.07437,1.07064,1.07421
30/06/2014 0:00,1.07417,1.07649,1.07244,1.07562
1/07/2014 0:00,1.0756,1.07788,1.07405,1.07515
2/07/2014 0:00,1.07518,1.08348,1.07479,1.08023
3/07/2014 0:00,1.0802,1.08042,1.06915,1.06944
4/07/2014 0:00,1.06947,1.07049,1.06722,1.06893
7/07/2014 0:00,1.06896,1.07286,1.06834,1.07275
8/07/2014 0:00,1.07277,1.07308,1.06853,1.07043
9/07/2014 0:00,1.0704,1.07085,1.06717,1.069
10/07/2014 0:00,1.06901,1.07015,1.0652,1.06533
11/07/2014 0:00,1.06534,1.0658,1.06208,1.06535
14/07/2014 0:00,1.06536,1.06692,1.06351,1.06535
15/07/2014 0:00,1.06536,1.06715,1.06473,1.06697
16/07/2014 0:00,1.06698,1.07388,1.06395,1.07261
17/07/2014 0:00,1.07262,1.07683,1.07243,1.07663
18/07/2014 0:00,1.07667,1.07991,1.07636,1.07838
21/07/2014 0:00,1.07841,1.08228,1.07786,1.07839
22/07/2014 0:00,1.07843,1.08133,1.07715,1.08047
23/07/2014 0:00,1.08046,1.0874,1.08042,1.0866
24/07/2014 0:00,1.08657,1.09954,1.0857,1.09933
25/07/2014 0:00,1.09931,1.10131,1.09613,1.09712
28/07/2014 0:00,1.09706,1.10117,1.09685,1.09918
29/07/2014 0:00,1.09917,1.10096,1.09831,1.0991
30/07/2014 0:00,1.09908,1.10455,1.09894,1.10207
31/07/2014 0:00,1.1021,1.10235,1.09595,1.09603
1/08/2014 0:00,1.096,1.09623,1.09223,1.09293
4/08/2014 0:00,1.09292,1.09621,1.09238,1.09462
5/08/2014 0:00,1.09467,1.09568,1.09361,1.09441
6/08/2014 0:00,1.09438,1.10343,1.09367,1.10244
7/08/2014 0:00,1.10242,1.10505,1.09561,1.09583
8/08/2014 0:00,1.09584,1.09643,1.09244,1.09483
11/08/2014 0:00,1.09488,1.09655,1.09306,1.09581
12/08/2014 0:00,1.09582,1.10046,1.09392,1.10011
13/08/2014 0:00,1.1001,1.1021,1.0978,1.10131
14/08/2014 0:00,1.10129,1.10232,1.09624,1.09776
15/08/2014 0:00,1.09773,1.09965,1.09452,1.09867
18/08/2014 0:00,1.09864,1.0992,1.0955,1.0963
19/08/2014 0:00,1.09633,1.10757,1.09633,1.10613
20/08/2014 0:00,1.10612,1.10889,1.10138,1.1081
21/08/2014 0:00,1.10812,1.10999,1.10507,1.10644
22/08/2014 0:00,1.10646,1.10903,1.10519,1.10819
25/08/2014 0:00,1.1082,1.11628,1.10542,1.11512
26/08/2014 0:00,1.11514,1.11674,1.11262,1.11358
27/08/2014 0:00,1.11359,1.11843,1.113,1.1142
28/08/2014 0:00,1.11417,1.11663,1.11281,1.11516
29/08/2014 0:00,1.11513,1.11885,1.11412,1.11714
1/09/2014 0:00,1.11713,1.11752,1.11401,1.11522
2/09/2014 0:00,1.11523,1.11571,1.11187,1.11346
3/09/2014 0:00,1.11345,1.11885,1.11223,1.11809
4/09/2014 0:00,1.11803,1.12442,1.11699,1.12294
5/09/2014 0:00,1.12297,1.12855,1.1214,1.12689
8/09/2014 0:00,1.12692,1.12934,1.12476,1.12563
9/09/2014 0:00,1.12568,1.12643,1.12018,1.12159
10/09/2014 0:00,1.1216,1.12234,1.1106,1.1114
11/09/2014 0:00,1.11138,1.12249,1.1087,1.12182
12/09/2014 0:00,1.1218,1.122,1.10918,1.1097
15/09/2014 0:00,1.10966,1.11024,1.1053,1.10622
16/09/2014 0:00,1.10619,1.10721,1.10288,1.10448
17/09/2014 0:00,1.10451,1.10992,1.10194,1.10863
18/09/2014 0:00,1.1086,1.10957,1.10441,1.10503
19/09/2014 0:00,1.10504,1.10525,1.09986,1.10064
22/09/2014 0:00,1.10063,1.1022,1.09466,1.09515
23/09/2014 0:00,1.0952,1.09612,1.09163,1.09602
24/09/2014 0:00,1.09601,1.09872,1.0929,1.09657
25/09/2014 0:00,1.09659,1.10357,1.09621,1.10319
26/09/2014 0:00,1.10327,1.11031,1.10266,1.10705
29/09/2014 0:00,1.10704,1.1279,1.10624,1.12355
30/09/2014 0:00,1.12356,1.12503,1.11987,1.12215
1/10/2014 0:00,1.12216,1.12582,1.11425,1.11545
2/10/2014 0:00,1.11547,1.12426,1.11174,1.11687
3/10/2014 0:00,1.11685,1.11879,1.11202,1.1173
6/10/2014 0:00,1.11726,1.1215,1.11283,1.11869
7/10/2014 0:00,1.11867,1.12259,1.11565,1.12059
8/10/2014 0:00,1.12061,1.12772,1.11867,1.12504
9/10/2014 0:00,1.12494,1.12559,1.11402,1.11694
10/10/2014 0:00,1.11691,1.11831,1.1129,1.11463
13/10/2014 0:00,1.11461,1.11638,1.10626,1.10912
14/10/2014 0:00,1.10915,1.11381,1.10892,1.11328
15/10/2014 0:00,1.11325,1.11401,1.10941,1.11143
16/10/2014 0:00,1.11147,1.11467,1.09805,1.10151
17/10/2014 0:00,1.10154,1.10862,1.09906,1.10274
20/10/2014 0:00,1.10273,1.10615,1.10011,1.10375
21/10/2014 0:00,1.10378,1.10503,1.10106,1.10371
22/10/2014 0:00,1.10372,1.10438,1.09855,1.10175
23/10/2014 0:00,1.1018,1.11781,1.10062,1.11484
24/10/2014 0:00,1.11487,1.12213,1.11426,1.11772
27/10/2014 0:00,1.11775,1.12276,1.11698,1.11878
28/10/2014 0:00,1.11881,1.12027,1.11342,1.11652
29/10/2014 0:00,1.11649,1.11992,1.11548,1.11893
30/10/2014 0:00,1.11889,1.12974,1.11644,1.1252
31/10/2014 0:00,1.1252,1.12794,1.12314,1.12436
3/11/2014 0:00,1.12436,1.13044,1.11972,1.12322
4/11/2014 0:00,1.12326,1.1285,1.12094,1.12681
5/11/2014 0:00,1.12676,1.12741,1.11601,1.1166
6/11/2014 0:00,1.11663,1.11811,1.10924,1.11304
7/11/2014 0:00,1.113,1.11618,1.11116,1.11472
10/11/2014 0:00,1.11475,1.11755,1.11152,1.1133
11/11/2014 0:00,1.11325,1.11507,1.10924,1.11384
12/11/2014 0:00,1.11385,1.11609,1.10797,1.10891
13/11/2014 0:00,1.10896,1.10929,1.10457,1.1048
14/11/2014 0:00,1.1048,1.10839,1.1044,1.10762
17/11/2014 0:00,1.10766,1.10775,1.10191,1.10323
18/11/2014 0:00,1.10327,1.10425,1.09792,1.09821
19/11/2014 0:00,1.09817,1.10225,1.09343,1.10125
20/11/2014 0:00,1.10128,1.10181,1.095,1.09592
21/11/2014 0:00,1.09595,1.09761,1.09375,1.09508
24/11/2014 0:00,1.09511,1.10176,1.09441,1.09938
25/11/2014 0:00,1.09942,1.09994,1.09392,1.09804
26/11/2014 0:00,1.09807,1.09875,1.0911,1.09185
27/11/2014 0:00,1.09182,1.09234,1.08201,1.08601
28/11/2014 0:00,1.08605,1.08849,1.08334,1.08355
1/12/2014 0:00,1.08352,1.08766,1.08022,1.08027
2/12/2014 0:00,1.0803,1.0814,1.07641,1.08024
3/12/2014 0:00,1.08018,1.08477,1.07805,1.079
4/12/2014 0:00,1.07902,1.08594,1.07771,1.08269
5/12/2014 0:00,1.08269,1.08319,1.07581,1.0782
8/12/2014 0:00,1.07824,1.08619,1.07619,1.08252
9/12/2014 0:00,1.08249,1.0868,1.07898,1.07944
10/12/2014 0:00,1.07948,1.08211,1.07652,1.07983
11/12/2014 0:00,1.07979,1.08115,1.06213,1.06695
12/12/2014 0:00,1.06699,1.06822,1.05366,1.06074
15/12/2014 0:00,1.06071,1.06278,1.05805,1.05946
2/01/2015 0:00,1.04583,1.04997,1.04583,1.04914
5/01/2015 0:00,1.04917,1.05713,1.04832,1.05545
6/01/2015 0:00,1.05548,1.05584,1.05001,1.05179
7/01/2015 0:00,1.05179,1.05307,1.0392,1.04144
8/01/2015 0:00,1.04141,1.04271,1.03538,1.04063
9/01/2015 0:00,1.04061,1.0417,1.03719,1.03853
12/01/2015 0:00,1.03852,1.05034,1.03782,1.04997
13/01/2015 0:00,1.04994,1.05179,1.04742,1.0505
14/01/2015 0:00,1.05053,1.05693,1.04866,1.04957
15/01/2015 0:00,1.04952,1.06393,1.04618,1.06162
16/01/2015 0:00,1.06165,1.06355,1.0467,1.05104
19/01/2015 0:00,1.05108,1.05829,1.04907,1.05439
20/01/2015 0:00,1.05435,1.05853,1.05201,1.05832
21/01/2015 0:00,1.05836,1.07285,1.05776,1.07173
22/01/2015 0:00,1.07168,1.07318,1.06665,1.07103
23/01/2015 0:00,1.07097,1.07582,1.06588,1.06605
26/01/2015 0:00,1.0661,1.06796,1.0581,1.06127
27/01/2015 0:00,1.06123,1.0709,1.05997,1.06863
28/01/2015 0:00,1.06867,1.07462,1.06245,1.07289
29/01/2015 0:00,1.07284,1.07959,1.06222,1.07421
30/01/2015 0:00,1.07427,1.07683,1.06636,1.06868
2/02/2015 0:00,1.06872,1.07407,1.06619,1.0696
3/02/2015 0:00,1.06962,1.07388,1.05954,1.0624
4/02/2015 0:00,1.06247,1.06549,1.05125,1.05394
5/02/2015 0:00,1.05394,1.05797,1.05002,1.05295
6/02/2015 0:00,1.05299,1.05882,1.05193,1.05416
9/02/2015 0:00,1.05406,1.06132,1.05316,1.05343
10/02/2015 0:00,1.05338,1.05498,1.05052,1.05318
11/02/2015 0:00,1.05314,1.05403,1.04584,1.04735
12/02/2015 0:00,1.04741,1.04862,1.04124,1.04286
13/02/2015 0:00,1.04289,1.04676,1.03861,1.04395
16/02/2015 0:00,1.04399,1.04533,1.03669,1.03732
17/02/2015 0:00,1.03738,1.03853,1.03319,1.03728
18/02/2015 0:00,1.03734,1.03949,1.0342,1.03744
19/02/2015 0:00,1.03747,1.03864,1.03082,1.03118
20/02/2015 0:00,1.03118,1.03725,1.03004,1.03658
23/02/2015 0:00,1.03655,1.04301,1.03624,1.04144
24/02/2015 0:00,1.04147,1.04287,1.03511,1.03989
25/02/2015 0:00,1.03984,1.04776,1.03979,1.04521
26/02/2015 0:00,1.04524,1.0468,1.0373,1.03742
27/02/2015 0:00,1.03742,1.0407,1.03205,1.03305
2/03/2015 0:00,1.03304,1.03607,1.03122,1.03246
3/03/2015 0:00,1.03246,1.04029,1.03171,1.03713
4/03/2015 0:00,1.03713,1.03859,1.0316,1.03434
5/03/2015 0:00,1.03433,1.03616,1.02809,1.03526
6/03/2015 0:00,1.03523,1.04206,1.03505,1.04154
9/03/2015 0:00,1.04151,1.05021,1.04125,1.04886
10/03/2015 0:00,1.04884,1.05206,1.0454,1.04754
11/03/2015 0:00,1.04754,1.05191,1.0461,1.0493
12/03/2015 0:00,1.04933,1.05298,1.03723,1.03901
13/03/2015 0:00,1.03901,1.04369,1.03553,1.04099
16/03/2015 0:00,1.04096,1.04533,1.03795,1.03845
17/03/2015 0:00,1.0385,1.039,1.03271,1.03372
18/03/2015 0:00,1.0337,1.04395,1.03354,1.04356
19/03/2015 0:00,1.04348,1.04401,1.03414,1.03632
20/03/2015 0:00,1.03635,1.03705,1.02987,1.03216
23/03/2015 0:00,1.03217,1.03329,1.02578,1.02855
24/03/2015 0:00,1.02858,1.03077,1.02202,1.02791
25/03/2015 0:00,1.02791,1.03343,1.0262,1.03159
26/03/2015 0:00,1.0316,1.03309,1.02669,1.0305
27/03/2015 0:00,1.03048,1.03409,1.02784,1.02919
30/03/2015 0:00,1.02915,1.03233,1.02239,1.0247
31/03/2015 0:00,1.0247,1.02634,1.01564,1.01909
1/04/2015 0:00,1.01903,1.02425,1.016,1.02092
2/04/2015 0:00,1.02088,1.02595,1.01469,1.01523
3/04/2015 0:00,1.01521,1.0163,1.00916,1.0117
6/04/2015 0:00,1.01169,1.01237,1.00205,1.00354
7/04/2015 0:00,1.00357,1.01157,1.00322,1.00951
8/04/2015 0:00,1.00945,1.02188,1.00857,1.01658
9/04/2015 0:00,1.01644,1.02054,1.01471,1.01889
10/04/2015 0:00,1.01884,1.02078,1.01547,1.01637
13/04/2015 0:00,1.01634,1.01966,1.01491,1.01764
14/04/2015 0:00,1.01765,1.02013,1.01594,1.01826
15/04/2015 0:00,1.01823,1.01858,1.00873,1.00913
16/04/2015 0:00,1.00913,1.02222,1.00775,1.0209
17/04/2015 0:00,1.02093,1.02164,1.01525,1.01532
20/04/2015 0:00,1.01532,1.01614,1.01085,1.0124
21/04/2015 0:00,1.0124,1.0141,1.00564,1.00689
22/04/2015 0:00,1.00689,1.01309,1.00381,1.01164
23/04/2015 0:00,1.01168,1.02107,1.00839,1.02107
24/04/2015 0:00,1.02107,1.02964,1.02045,1.02853
27/04/2015 0:00,1.02851,1.03098,1.0261,1.02615
28/04/2015 0:00,1.0262,1.03219,1.02493,1.03117
29/04/2015 0:00,1.03118,1.03995,1.02942,1.03782
30/04/2015 0:00,1.03781,1.05187,1.03617,1.05001
1/05/2015 0:00,1.05004,1.05082,1.0338,1.03996
4/05/2015 0:00,1.03997,1.04142,1.03672,1.04062
5/05/2015 0:00,1.04059,1.04233,1.0383,1.04026
6/05/2015 0:00,1.04023,1.06453,1.03544,1.06425
7/05/2015 0:00,1.06426,1.06851,1.05771,1.06327
8/05/2015 0:00,1.06334,1.06547,1.05812,1.05953
11/05/2015 0:00,1.05941,1.06963,1.0564,1.06821
12/05/2015 0:00,1.06821,1.0767,1.06722,1.0763
13/05/2015 0:00,1.07626,1.08905,1.07531,1.0805
14/05/2015 0:00,1.08053,1.08493,1.07342,1.07818
15/05/2015 0:00,1.07814,1.08015,1.07519,1.07887
18/05/2015 0:00,1.07884,1.0803,1.07367,1.07899
19/05/2015 0:00,1.07899,1.08493,1.07551,1.07679
20/05/2015 0:00,1.07679,1.07878,1.07459,1.07561
21/05/2015 0:00,1.07559,1.08005,1.07439,1.07736
22/05/2015 0:00,1.07737,1.08046,1.07047,1.07216
25/05/2015 0:00,1.07217,1.07365,1.06824,1.07134
26/05/2015 0:00,1.07134,1.0726,1.0694,1.07126
27/05/2015 0:00,1.0713,1.07134,1.06751,1.06965
28/05/2015 0:00,1.06965,1.06992,1.0605,1.06078
29/05/2015 0:00,1.06076,1.07327,1.05767,1.07292
1/06/2015 0:00,1.07288,1.07936,1.07172,1.0767
2/06/2015 0:00,1.07668,1.07839,1.07,1.07329
3/06/2015 0:00,1.07331,1.08866,1.07138,1.08668
4/06/2015 0:00,1.08666,1.09124,1.08068,1.08321
5/06/2015 0:00,1.08321,1.08512,1.07632,1.07866
8/06/2015 0:00,1.07866,1.08551,1.07714,1.08025
9/06/2015 0:00,1.08022,1.08229,1.07601,1.08083
10/06/2015 0:00,1.08082,1.08191,1.07119,1.07475
11/06/2015 0:00,1.07473,1.10687,1.07409,1.10485
12/06/2015 0:00,1.10486,1.10794,1.1017,1.1037
15/06/2015 0:00,1.10371,1.10948,1.10304,1.10628
16/06/2015 0:00,1.10625,1.11145,1.1057,1.10999
17/06/2015 0:00,1.10999,1.11166,1.10717,1.10865
18/06/2015 0:00,1.1087,1.12156,1.10657,1.11879
19/06/2015 0:00,1.11879,1.12855,1.11869,1.12293
22/06/2015 0:00,1.12293,1.12679,1.12184,1.12524
23/06/2015 0:00,1.12524,1.12958,1.12295,1.12424
24/06/2015 0:00,1.12421,1.12987,1.12402,1.12607
25/06/2015 0:00,1.1261,1.12766,1.11616,1.11894
26/06/2015 0:00,1.119,1.12629,1.11847,1.12049
29/06/2015 0:00,1.12052,1.12159,1.11316,1.11934
30/06/2015 0:00,1.11934,1.12773,1.11767,1.12612
1/07/2015 0:00,1.12612,1.13912,1.12476,1.13522
2/07/2015 0:00,1.13521,1.14146,1.13307,1.14072
3/07/2015 0:00,1.14068,1.14292,1.12751,1.12913
6/07/2015 0:00,1.12912,1.13116,1.11857,1.1201
7/07/2015 0:00,1.12007,1.12438,1.11816,1.12031
8/07/2015 0:00,1.12034,1.12516,1.11491,1.11542
9/07/2015 0:00,1.11547,1.11676,1.1021,1.10866
10/07/2015 0:00,1.10862,1.11181,1.10173,1.1084
13/07/2015 0:00,1.10837,1.10952,1.10296,1.1049
14/07/2015 0:00,1.10487,1.11215,1.10421,1.11129
15/07/2015 0:00,1.11131,1.1149,1.10787,1.11322
16/07/2015 0:00,1.11325,1.12885,1.11242,1.12826
17/07/2015 0:00,1.12829,1.13787,1.12828,1.13318
20/07/2015 0:00,1.13321,1.13498,1.12628,1.12651
21/07/2015 0:00,1.12652,1.12668,1.11513,1.11668
22/07/2015 0:00,1.11665,1.12163,1.1127,1.1209
23/07/2015 0:00,1.12091,1.12302,1.10994,1.11277
24/07/2015 0:00,1.11276,1.1144,1.10646,1.1081
